REGIAO:;CO
UF:;MT
ESTACAO:;POCONE
CODIGO (WMO):;A966
LATITUDE:;-17,33666666
LONGITUDE:;-56,76999999
ALTITUDE:;100
DATA DE FUNDACAO:;24/04/26
Data;Hora UTC;PRECIPITAÇÃO TOTAL, HORÁRIO (mm);PRESSAO ATMOSFERICA AO NIVEL DA ESTACAO, HORARIA (mB);PRESSÃO ATMOSFERICA MAX.NA HORA ANT. (AUT) (mB);PRESSÃO ATMOSFERICA MIN. NA HORA ANT. (AUT) (mB);RADIACAO GLOBAL (Kj/m²);TEMPERATURA DO AR - BULBO SECO, HORARIA (°C);TEMPERATURA DO PONTO DE ORVALHO (°C);TEMPERATURA MÁXIMA NA HORA ANT. (AUT) (°C);TEMPERATURA MÍNIMA NA HORA ANT. (AUT) (°C);TEMPERATURA ORVALHO MAX. NA HORA ANT. (AUT) (°C);TEMPERATURA ORVALHO MIN. NA HORA ANT. (AUT) (°C);UMIDADE REL. MAX. NA HORA ANT. (AUT) (%);UMIDADE REL. MIN. NA HORA ANT. (AUT) (%);UMIDADE RELATIVA DO AR, HORARIA (%);VENTO, DIREÇÃO HORARIA (gr) (° (gr));VENTO, RAJADA MAXIMA (m/s);VENTO, VELOCIDADE HORARIA (m/s);
2026/04/24;0000 UTC;;;;;;;;;;;;;;;;;;
2026/04/24;0100 UTC;;;;;;;;;;;;;;;;;;
2026/04/24;0200 UTC;;;;;;;;;;;;;;;;;;
2026/04/24;0300 UTC;;;;;;;;;;;;;;;;;;
2026/04/24;0400 UTC;;;;;;;;;;;;;;;;;;
2026/04/24;0500 UTC;;;;;;;;;;;;;;;;;;
2026/04/24;0600 UTC;;;;;;;;;;;;;;;;;;
2026/04/24;0700 UTC;;;;;;;;;;;;;;;;;;
2026/04/24;0800 UTC;;;;;;;;;;;;;;;;;;
2026/04/24;0900 UTC;;;;;;;;;;;;;;;;;;
2026/04/24;1000 UTC;;;;;;;;;;;;;;;;;;
2026/04/24;1100 UTC;;;;;;;;;;;;;;;;;;
2026/04/24;1200 UTC;;;;;;;;;;;;;;;;;;
2026/04/24;1300 UTC;;;;;;;;;;;;;;;;;;
2026/04/24;1400 UTC;;;;;;;;;;;;;;;;;;
2026/04/24;1500 UTC;;;;;;;;;;;;;;;;;;
2026/04/24;1600 UTC;;;;;;;;;;;;;;;;;;
2026/04/24;1700 UTC;;;;;;;;;;;;;;;;;;
2026/04/24;1800 UTC;;;;;;;;;;;;;;;;;;
2026/04/24;1900 UTC;;;;;;;;;;;;;;;;;;
2026/04/24;2000 UTC;;;;;;;;;;;;;;;;;;
2026/04/24;2100 UTC;;;;;;;;;;;;;;;;;;
2026/04/24;2200 UTC;;;;;;;;;;;;;;;;;;
2026/04/24;2300 UTC;;;;;;;;;;;;;;;;;;
2026/04/25;0000 UTC;;;;;;;;;;;;;;;;;;
2026/04/25;0100 UTC;;;;;;;;;;;;;;;;;;
2026/04/25;0200 UTC;;;;;;;;;;;;;;;;;;
2026/04/25;0300 UTC;;;;;;;;;;;;;;;;;;
2026/04/25;0400 UTC;;;;;;;;;;;;;;;;;;
2026/04/25;0500 UTC;;;;;;;;;;;;;;;;;;
2026/04/25;0600 UTC;;;;;;;;;;;;;;;;;;
2026/04/25;0700 UTC;;;;;;;;;;;;;;;;;;
2026/04/25;0800 UTC;;;;;;;;;;;;;;;;;;
2026/04/25;0900 UTC;;;;;;;;;;;;;;;;;;
2026/04/25;1000 UTC;;;;;;;;;;;;;;;;;;
2026/04/25;1100 UTC;;;;;;;;;;;;;;;;;;
2026/04/25;1200 UTC;;;;;;;;;;;;;;;;;;
2026/04/25;1300 UTC;;;;;;;;;;;;;;;;;;
2026/04/25;1400 UTC;;;;;;;;;;;;;;;;;;
2026/04/25;1500 UTC;;;;;;;;;;;;;;;;;;
2026/04/25;1600 UTC;;;;;;;;;;;;;;;;;;
2026/04/25;1700 UTC;;;;;;;;;;;;;;;;;;
2026/04/25;1800 UTC;;;;;;;;;;;;;;;;;;
2026/04/25;1900 UTC;;;;;;;;;;;;;;;;;;
2026/04/25;2000 UTC;;;;;;;;;;;;;;;;;;
2026/04/25;2100 UTC;;;;;;;;;;;;;;;;;;
2026/04/25;2200 UTC;;;;;;;;;;;;;;;;;;
2026/04/25;2300 UTC;;;;;;;;;;;;;;;;;;
2026/04/26;0000 UTC;;;;;;;;;;;;;;;;;;
2026/04/26;0100 UTC;;;;;;;;;;;;;;;;;;
2026/04/26;0200 UTC;;;;;;;;;;;;;;;;;;
2026/04/26;0300 UTC;;;;;;;;;;;;;;;;;;
2026/04/26;0400 UTC;;;;;;;;;;;;;;;;;;
2026/04/26;0500 UTC;;;;;;;;;;;;;;;;;;
2026/04/26;0600 UTC;;;;;;;;;;;;;;;;;;
2026/04/26;0700 UTC;;;;;;;;;;;;;;;;;;
2026/04/26;0800 UTC;;;;;;;;;;;;;;;;;;
2026/04/26;0900 UTC;;;;;;;;;;;;;;;;;;
2026/04/26;1000 UTC;;;;;;;;;;;;;;;;;;
2026/04/26;1100 UTC;;;;;;;;;;;;;;;;;;
2026/04/26;1200 UTC;;;;;;;;;;;;;;;;;;
2026/04/26;1300 UTC;;;;;;;;;;;;;;;;;;
2026/04/26;1400 UTC;;;;;;;;;;;;;;;;;;
2026/04/26;1500 UTC;;;;;;;;;;;;;;;;;;
2026/04/26;1600 UTC;;;;;;;;;;;;;;;;;;
2026/04/26;1700 UTC;;;;;;;;;;;;;;;;;;
2026/04/26;1800 UTC;;;;;;;;;;;;;;;;;;
2026/04/26;1900 UTC;;;;;;;;;;;;;;;;;;
2026/04/26;2000 UTC;;;;;;;;;;;;;;;;;;
2026/04/26;2100 UTC;;;;;;;;;;;;;;;;;;
2026/04/26;2200 UTC;;;;;;;;;;;;;;;;;;
2026/04/26;2300 UTC;;;;;;;;;;;;;;;;;;
2026/04/27;0000 UTC;;;;;;;;;;;;;;;;;;
2026/04/27;0100 UTC;;;;;;;;;;;;;;;;;;
2026/04/27;0200 UTC;;;;;;;;;;;;;;;;;;
2026/04/27;0300 UTC;;;;;;;;;;;;;;;;;;
2026/04/27;0400 UTC;;;;;;;;;;;;;;;;;;
2026/04/27;0500 UTC;;;;;;;;;;;;;;;;;;
2026/04/27;0600 UTC;;;;;;;;;;;;;;;;;;
2026/04/27;0700 UTC;;;;;;;;;;;;;;;;;;
2026/04/27;0800 UTC;;;;;;;;;;;;;;;;;;
2026/04/27;0900 UTC;;;;;;;;;;;;;;;;;;
2026/04/27;1000 UTC;;;;;;;;;;;;;;;;;;
2026/04/27;1100 UTC;;;;;;;;;;;;;;;;;;
2026/04/27;1200 UTC;;;;;;;;;;;;;;;;;;
2026/04/27;1300 UTC;;;;;;;;;;;;;;;;;;
2026/04/27;1400 UTC;;;;;;;;;;;;;;;;;;
2026/04/27;1500 UTC;;;;;;;;;;;;;;;;;;
2026/04/27;1600 UTC;;;;;;;;;;;;;;;;;;
2026/04/27;1700 UTC;;;;;;;;;;;;;;;;;;
2026/04/27;1800 UTC;;;;;;;;;;;;;;;;;;
2026/04/27;1900 UTC;;;;;;;;;;;;;;;;;;
2026/04/27;2000 UTC;;;;;;;;;;;;;;;;;;
2026/04/27;2100 UTC;;;;;;;;;;;;;;;;;;
2026/04/27;2200 UTC;;;;;;;;;;;;;;;;;;
2026/04/27;2300 UTC;;;;;;;;;;;;;;;;;;
2026/04/28;0000 UTC;;;;;;;;;;;;;;;;;;
2026/04/28;0100 UTC;;;;;;;;;;;;;;;;;;
2026/04/28;0200 UTC;;;;;;;;;;;;;;;;;;
2026/04/28;0300 UTC;;;;;;;;;;;;;;;;;;
2026/04/28;0400 UTC;;;;;;;;;;;;;;;;;;
2026/04/28;0500 UTC;;;;;;;;;;;;;;;;;;
2026/04/28;0600 UTC;;;;;;;;;;;;;;;;;;
2026/04/28;0700 UTC;;;;;;;;;;;;;;;;;;
2026/04/28;0800 UTC;;;;;;;;;;;;;;;;;;
2026/04/28;0900 UTC;;;;;;;;;;;;;;;;;;
2026/04/28;1000 UTC;;;;;;;;;;;;;;;;;;
2026/04/28;1100 UTC;;;;;;;;;;;;;;;;;;
2026/04/28;1200 UTC;;;;;;;;;;;;;;;;;;
2026/04/28;1300 UTC;;;;;;;;;;;;;;;;;;
2026/04/28;1400 UTC;;;;;;;;;;;;;;;;;;
2026/04/28;1500 UTC;;;;;;;;;;;;;;;;;;
2026/04/28;1600 UTC;;;;;;;;;;;;;;;;;;
2026/04/28;1700 UTC;;;;;;;;;;;;;;;;;;
2026/04/28;1800 UTC;;;;;;;;;;;;;;;;;;
2026/04/28;1900 UTC;;;;;;;;;;;;;;;;;;
2026/04/28;2000 UTC;;;;;;;;;;;;;;;;;;
2026/04/28;2100 UTC;;;;;;;;;;;;;;;;;;
2026/04/28;2200 UTC;;;;;;;;;;;;;;;;;;
2026/04/28;2300 UTC;;;;;;;;;;;;;;;;;;
2026/04/29;0000 UTC;;;;;;;;;;;;;;;;;;
2026/04/29;0100 UTC;;;;;;;;;;;;;;;;;;
2026/04/29;0200 UTC;;;;;;;;;;;;;;;;;;
2026/04/29;0300 UTC;;;;;;;;;;;;;;;;;;
2026/04/29;0400 UTC;;;;;;;;;;;;;;;;;;
2026/04/29;0500 UTC;;;;;;;;;;;;;;;;;;
2026/04/29;0600 UTC;;;;;;;;;;;;;;;;;;
2026/04/29;0700 UTC;;;;;;;;;;;;;;;;;;
2026/04/29;0800 UTC;;;;;;;;;;;;;;;;;;
2026/04/29;0900 UTC;;;;;;;;;;;;;;;;;;
2026/04/29;1000 UTC;;;;;;;;;;;;;;;;;;
2026/04/29;1100 UTC;;;;;;;;;;;;;;;;;;
2026/04/29;1200 UTC;;;;;;;;;;;;;;;;;;
2026/04/29;1300 UTC;;;;;;;;;;;;;;;;;;
2026/04/29;1400 UTC;;;;;;;;;;;;;;;;;;
2026/04/29;1500 UTC;;;;;;;;;;;;;;;;;;
2026/04/29;1600 UTC;;;;;;;;;;;;;;;;;;
2026/04/29;1700 UTC;;;;;;;;;;;;;;;;;;
2026/04/29;1800 UTC;;;;;;;;;;;;;;;;;;
2026/04/29;1900 UTC;;;;;;;;;;;;;;;;;;
2026/04/29;2000 UTC;;;;;;;;;;;;;;;;;;
2026/04/29;2100 UTC;;;;;;;;;;;;;;;;;;
2026/04/29;2200 UTC;;;;;;;;;;;;;;;;;;
2026/04/29;2300 UTC;;;;;;;;;;;;;;;;;;
2026/04/30;0000 UTC;;;;;;;;;;;;;;;;;;
2026/04/30;0100 UTC;;;;;;;;;;;;;;;;;;
2026/04/30;0200 UTC;;;;;;;;;;;;;;;;;;
2026/04/30;0300 UTC;;;;;;;;;;;;;;;;;;
2026/04/30;0400 UTC;;;;;;;;;;;;;;;;;;
2026/04/30;0500 UTC;;;;;;;;;;;;;;;;;;
2026/04/30;0600 UTC;;;;;;;;;;;;;;;;;;
2026/04/30;0700 UTC;;;;;;;;;;;;;;;;;;
2026/04/30;0800 UTC;;;;;;;;;;;;;;;;;;
2026/04/30;0900 UTC;;;;;;;;;;;;;;;;;;
2026/04/30;1000 UTC;;;;;;;;;;;;;;;;;;
2026/04/30;1100 UTC;;;;;;;;;;;;;;;;;;
2026/04/30;1200 UTC;;;;;;;;;;;;;;;;;;
2026/04/30;1300 UTC;;;;;;;;;;;;;;;;;;
2026/04/30;1400 UTC;;;;;;;;;;;;;;;;;;
2026/04/30;1500 UTC;;;;;;;;;;;;;;;;;;
2026/04/30;1600 UTC;;;;;;;;;;;;;;;;;;
2026/04/30;1700 UTC;;;;;;;;;;;;;;;;;;
2026/04/30;1800 UTC;;;;;;;;;;;;;;;;;;
2026/04/30;1900 UTC;;;;;;;;;;;;;;;;;;
2026/04/30;2000 UTC;;;;;;;;;;;;;;;;;;
2026/04/30;2100 UTC;;;;;;;;;;;;;;;;;;
2026/04/30;2200 UTC;;;;;;;;;;;;;;;;;;
2026/04/30;2300 UTC;;;;;;;;;;;;;;;;;;
2026/05/01;0000 UTC;;;;;;;;;;;;;;;;;;
2026/05/01;0100 UTC;;;;;;;;;;;;;;;;;;
2026/05/01;0200 UTC;;;;;;;;;;;;;;;;;;
2026/05/01;0300 UTC;;;;;;;;;;;;;;;;;;
2026/05/01;0400 UTC;;;;;;;;;;;;;;;;;;
2026/05/01;0500 UTC;;;;;;;;;;;;;;;;;;
2026/05/01;0600 UTC;;;;;;;;;;;;;;;;;;
2026/05/01;0700 UTC;;;;;;;;;;;;;;;;;;
2026/05/01;0800 UTC;;;;;;;;;;;;;;;;;;
2026/05/01;0900 UTC;;;;;;;;;;;;;;;;;;
2026/05/01;1000 UTC;;;;;;;;;;;;;;;;;;
2026/05/01;1100 UTC;;;;;;;;;;;;;;;;;;
2026/05/01;1200 UTC;;;;;;;;;;;;;;;;;;
2026/05/01;1300 UTC;;;;;;;;;;;;;;;;;;
2026/05/01;1400 UTC;;;;;;;;;;;;;;;;;;
2026/05/01;1500 UTC;;;;;;;;;;;;;;;;;;
2026/05/01;1600 UTC;;;;;;;;;;;;;;;;;;
2026/05/01;1700 UTC;;;;;;;;;;;;;;;;;;
2026/05/01;1800 UTC;;;;;;;;;;;;;;;;;;
2026/05/01;1900 UTC;;;;;;;;;;;;;;;;;;
2026/05/01;2000 UTC;;;;;;;;;;;;;;;;;;
2026/05/01;2100 UTC;;;;;;;;;;;;;;;;;;
2026/05/01;2200 UTC;;;;;;;;;;;;;;;;;;
2026/05/01;2300 UTC;;;;;;;;;;;;;;;;;;
2026/05/02;0000 UTC;;;;;;;;;;;;;;;;;;
2026/05/02;0100 UTC;;;;;;;;;;;;;;;;;;
2026/05/02;0200 UTC;;;;;;;;;;;;;;;;;;
2026/05/02;0300 UTC;;;;;;;;;;;;;;;;;;
2026/05/02;0400 UTC;;;;;;;;;;;;;;;;;;
2026/05/02;0500 UTC;;;;;;;;;;;;;;;;;;
2026/05/02;0600 UTC;;;;;;;;;;;;;;;;;;
2026/05/02;0700 UTC;;;;;;;;;;;;;;;;;;
2026/05/02;0800 UTC;;;;;;;;;;;;;;;;;;
2026/05/02;0900 UTC;;;;;;;;;;;;;;;;;;
2026/05/02;1000 UTC;;;;;;;;;;;;;;;;;;
2026/05/02;1100 UTC;;;;;;;;;;;;;;;;;;
2026/05/02;1200 UTC;;;;;;;;;;;;;;;;;;
2026/05/02;1300 UTC;;;;;;;;;;;;;;;;;;
2026/05/02;1400 UTC;;;;;;;;;;;;;;;;;;
2026/05/02;1500 UTC;;;;;;;;;;;;;;;;;;
2026/05/02;1600 UTC;;;;;;;;;;;;;;;;;;
2026/05/02;1700 UTC;;;;;;;;;;;;;;;;;;
2026/05/02;1800 UTC;;;;;;;;;;;;;;;;;;
2026/05/02;1900 UTC;;;;;;;;;;;;;;;;;;
2026/05/02;2000 UTC;;;;;;;;;;;;;;;;;;
2026/05/02;2100 UTC;;;;;;;;;;;;;;;;;;
2026/05/02;2200 UTC;;;;;;;;;;;;;;;;;;
2026/05/02;2300 UTC;;;;;;;;;;;;;;;;;;
2026/05/03;0000 UTC;;;;;;;;;;;;;;;;;;
2026/05/03;0100 UTC;;;;;;;;;;;;;;;;;;
2026/05/03;0200 UTC;;;;;;;;;;;;;;;;;;
2026/05/03;0300 UTC;;;;;;;;;;;;;;;;;;
2026/05/03;0400 UTC;;;;;;;;;;;;;;;;;;
2026/05/03;0500 UTC;;;;;;;;;;;;;;;;;;
2026/05/03;0600 UTC;;;;;;;;;;;;;;;;;;
2026/05/03;0700 UTC;;;;;;;;;;;;;;;;;;
2026/05/03;0800 UTC;;;;;;;;;;;;;;;;;;
2026/05/03;0900 UTC;;;;;;;;;;;;;;;;;;
2026/05/03;1000 UTC;;;;;;;;;;;;;;;;;;
2026/05/03;1100 UTC;;;;;;;;;;;;;;;;;;
2026/05/03;1200 UTC;;;;;;;;;;;;;;;;;;
2026/05/03;1300 UTC;;;;;;;;;;;;;;;;;;
2026/05/03;1400 UTC;;;;;;;;;;;;;;;;;;
2026/05/03;1500 UTC;;;;;;;;;;;;;;;;;;
2026/05/03;1600 UTC;;;;;;;;;;;;;;;;;;
2026/05/03;1700 UTC;;;;;;;;;;;;;;;;;;
2026/05/03;1800 UTC;;;;;;;;;;;;;;;;;;
2026/05/03;1900 UTC;;;;;;;;;;;;;;;;;;
2026/05/03;2000 UTC;;;;;;;;;;;;;;;;;;
2026/05/03;2100 UTC;;;;;;;;;;;;;;;;;;
2026/05/03;2200 UTC;;;;;;;;;;;;;;;;;;
2026/05/03;2300 UTC;;;;;;;;;;;;;;;;;;
2026/05/04;0000 UTC;;;;;;;;;;;;;;;;;;
2026/05/04;0100 UTC;;;;;;;;;;;;;;;;;;
2026/05/04;0200 UTC;;;;;;;;;;;;;;;;;;
2026/05/04;0300 UTC;;;;;;;;;;;;;;;;;;
2026/05/04;0400 UTC;;;;;;;;;;;;;;;;;;
2026/05/04;0500 UTC;;;;;;;;;;;;;;;;;;
2026/05/04;0600 UTC;;;;;;;;;;;;;;;;;;
2026/05/04;0700 UTC;;;;;;;;;;;;;;;;;;
2026/05/04;0800 UTC;;;;;;;;;;;;;;;;;;
2026/05/04;0900 UTC;;;;;;;;;;;;;;;;;;
2026/05/04;1000 UTC;;;;;;;;;;;;;;;;;;
2026/05/04;1100 UTC;;;;;;;;;;;;;;;;;;
2026/05/04;1200 UTC;;;;;;;;;;;;;;;;;;
2026/05/04;1300 UTC;;;;;;;;;;;;;;;;;;
2026/05/04;1400 UTC;;;;;;;;;;;;;;;;;;
2026/05/04;1500 UTC;;;;;;;;;;;;;;;;;;
2026/05/04;1600 UTC;;;;;;;;;;;;;;;;;;
2026/05/04;1700 UTC;;;;;;;;;;;;;;;;;;
2026/05/04;1800 UTC;;;;;;;;;;;;;;;;;;
2026/05/04;1900 UTC;;;;;;;;;;;;;;;;;;
2026/05/04;2000 UTC;;;;;;;;;;;;;;;;;;
2026/05/04;2100 UTC;;;;;;;;;;;;;;;;;;
2026/05/04;2200 UTC;;;;;;;;;;;;;;;;;;
2026/05/04;2300 UTC;;;;;;;;;;;;;;;;;;
2026/05/05;0000 UTC;;;;;;;;;;;;;;;;;;
2026/05/05;0100 UTC;;;;;;;;;;;;;;;;;;
2026/05/05;0200 UTC;;;;;;;;;;;;;;;;;;
2026/05/05;0300 UTC;;;;;;;;;;;;;;;;;;
2026/05/05;0400 UTC;;;;;;;;;;;;;;;;;;
2026/05/05;0500 UTC;;;;;;;;;;;;;;;;;;
2026/05/05;0600 UTC;;;;;;;;;;;;;;;;;;
2026/05/05;0700 UTC;;;;;;;;;;;;;;;;;;
2026/05/05;0800 UTC;;;;;;;;;;;;;;;;;;
2026/05/05;0900 UTC;;;;;;;;;;;;;;;;;;
2026/05/05;1000 UTC;;;;;;;;;;;;;;;;;;
2026/05/05;1100 UTC;;;;;;;;;;;;;;;;;;
2026/05/05;1200 UTC;;;;;;;;;;;;;;;;;;
2026/05/05;1300 UTC;;;;;;;;;;;;;;;;;;
2026/05/05;1400 UTC;;;;;;;;;;;;;;;;;;
2026/05/05;1500 UTC;;;;;;;;;;;;;;;;;;
2026/05/05;1600 UTC;;;;;;;;;;;;;;;;;;
2026/05/05;1700 UTC;;;;;;;;;;;;;;;;;;
2026/05/05;1800 UTC;;;;;;;;;;;;;;;;;;
2026/05/05;1900 UTC;;;;;;;;;;;;;;;;;;
2026/05/05;2000 UTC;;;;;;;;;;;;;;;;;;
2026/05/05;2100 UTC;;;;;;;;;;;;;;;;;;
2026/05/05;2200 UTC;;;;;;;;;;;;;;;;;;
2026/05/05;2300 UTC;;;;;;;;;;;;;;;;;;
2026/05/06;0000 UTC;;;;;;;;;;;;;;;;;;
2026/05/06;0100 UTC;;;;;;;;;;;;;;;;;;
2026/05/06;0200 UTC;;;;;;;;;;;;;;;;;;
2026/05/06;0300 UTC;;;;;;;;;;;;;;;;;;
2026/05/06;0400 UTC;;;;;;;;;;;;;;;;;;
2026/05/06;0500 UTC;;;;;;;;;;;;;;;;;;
2026/05/06;0600 UTC;;;;;;;;;;;;;;;;;;
2026/05/06;0700 UTC;;;;;;;;;;;;;;;;;;
2026/05/06;0800 UTC;;;;;;;;;;;;;;;;;;
2026/05/06;0900 UTC;;;;;;;;;;;;;;;;;;
2026/05/06;1000 UTC;;;;;;;;;;;;;;;;;;
2026/05/06;1100 UTC;;;;;;;;;;;;;;;;;;
2026/05/06;1200 UTC;;;;;;;;;;;;;;;;;;
2026/05/06;1300 UTC;;;;;;;;;;;;;;;;;;
2026/05/06;1400 UTC;;;;;;;;;;;;;;;;;;
2026/05/06;1500 UTC;;;;;;;;;;;;;;;;;;
2026/05/06;1600 UTC;;;;;;;;;;;;;;;;;;
2026/05/06;1700 UTC;;;;;;;;;;;;;;;;;;
2026/05/06;1800 UTC;;;;;;;;;;;;;;;;;;
2026/05/06;1900 UTC;;;;;;;;;;;;;;;;;;
2026/05/06;2000 UTC;;;;;;;;;;;;;;;;;;
2026/05/06;2100 UTC;;;;;;;;;;;;;;;;;;
2026/05/06;2200 UTC;;;;;;;;;;;;;;;;;;
2026/05/06;2300 UTC;;;;;;;;;;;;;;;;;;
2026/05/07;0000 UTC;;;;;;;;;;;;;;;;;;
2026/05/07;0100 UTC;;;;;;;;;;;;;;;;;;
2026/05/07;0200 UTC;;;;;;;;;;;;;;;;;;
2026/05/07;0300 UTC;;;;;;;;;;;;;;;;;;
2026/05/07;0400 UTC;;;;;;;;;;;;;;;;;;
2026/05/07;0500 UTC;;;;;;;;;;;;;;;;;;
2026/05/07;0600 UTC;;;;;;;;;;;;;;;;;;
2026/05/07;0700 UTC;;;;;;;;;;;;;;;;;;
2026/05/07;0800 UTC;;;;;;;;;;;;;;;;;;
2026/05/07;0900 UTC;;;;;;;;;;;;;;;;;;
2026/05/07;1000 UTC;;;;;;;;;;;;;;;;;;
2026/05/07;1100 UTC;;;;;;;;;;;;;;;;;;
2026/05/07;1200 UTC;;;;;;;;;;;;;;;;;;
2026/05/07;1300 UTC;;;;;;;;;;;;;;;;;;
2026/05/07;1400 UTC;;;;;;;;;;;;;;;;;;
2026/05/07;1500 UTC;;;;;;;;;;;;;;;;;;
2026/05/07;1600 UTC;;;;;;;;;;;;;;;;;;
2026/05/07;1700 UTC;;;;;;;;;;;;;;;;;;
2026/05/07;1800 UTC;;;;;;;;;;;;;;;;;;
2026/05/07;1900 UTC;;;;;;;;;;;;;;;;;;
2026/05/07;2000 UTC;;;;;;;;;;;;;;;;;;
2026/05/07;2100 UTC;;;;;;;;;;;;;;;;;;
2026/05/07;2200 UTC;;;;;;;;;;;;;;;;;;
2026/05/07;2300 UTC;;;;;;;;;;;;;;;;;;
2026/05/08;0000 UTC;;;;;;;;;;;;;;;;;;
2026/05/08;0100 UTC;;;;;;;;;;;;;;;;;;
2026/05/08;0200 UTC;;;;;;;;;;;;;;;;;;
2026/05/08;0300 UTC;;;;;;;;;;;;;;;;;;
2026/05/08;0400 UTC;;;;;;;;;;;;;;;;;;
2026/05/08;0500 UTC;;;;;;;;;;;;;;;;;;
2026/05/08;0600 UTC;;;;;;;;;;;;;;;;;;
2026/05/08;0700 UTC;;;;;;;;;;;;;;;;;;
2026/05/08;0800 UTC;;;;;;;;;;;;;;;;;;
2026/05/08;0900 UTC;;;;;;;;;;;;;;;;;;
2026/05/08;1000 UTC;;;;;;;;;;;;;;;;;;
2026/05/08;1100 UTC;;;;;;;;;;;;;;;;;;
2026/05/08;1200 UTC;;;;;;;;;;;;;;;;;;
2026/05/08;1300 UTC;;;;;;;;;;;;;;;;;;
2026/05/08;1400 UTC;;;;;;;;;;;;;;;;;;
2026/05/08;1500 UTC;;;;;;;;;;;;;;;;;;
2026/05/08;1600 UTC;;;;;;;;;;;;;;;;;;
2026/05/08;1700 UTC;;;;;;;;;;;;;;;;;;
2026/05/08;1800 UTC;;;;;;;;;;;;;;;;;;
2026/05/08;1900 UTC;;;;;;;;;;;;;;;;;;
2026/05/08;2000 UTC;;;;;;;;;;;;;;;;;;
2026/05/08;2100 UTC;;;;;;;;;;;;;;;;;;
2026/05/08;2200 UTC;;;;;;;;;;;;;;;;;;
2026/05/08;2300 UTC;;;;;;;;;;;;;;;;;;
2026/05/09;0000 UTC;;;;;;;;;;;;;;;;;;
2026/05/09;0100 UTC;;;;;;;;;;;;;;;;;;
2026/05/09;0200 UTC;;;;;;;;;;;;;;;;;;
2026/05/09;0300 UTC;;;;;;;;;;;;;;;;;;
2026/05/09;0400 UTC;;;;;;;;;;;;;;;;;;
2026/05/09;0500 UTC;;;;;;;;;;;;;;;;;;
2026/05/09;0600 UTC;;;;;;;;;;;;;;;;;;
2026/05/09;0700 UTC;;;;;;;;;;;;;;;;;;
2026/05/09;0800 UTC;;;;;;;;;;;;;;;;;;
2026/05/09;0900 UTC;;;;;;;;;;;;;;;;;;
2026/05/09;1000 UTC;;;;;;;;;;;;;;;;;;
2026/05/09;1100 UTC;;;;;;;;;;;;;;;;;;
2026/05/09;1200 UTC;;;;;;;;;;;;;;;;;;
2026/05/09;1300 UTC;;;;;;;;;;;;;;;;;;
2026/05/09;1400 UTC;;;;;;;;;;;;;;;;;;
2026/05/09;1500 UTC;;;;;;;;;;;;;;;;;;
2026/05/09;1600 UTC;;;;;;;;;;;;;;;;;;
2026/05/09;1700 UTC;;;;;;;;;;;;;;;;;;
2026/05/09;1800 UTC;;;;;;;;;;;;;;;;;;
2026/05/09;1900 UTC;;;;;;;;;;;;;;;;;;
2026/05/09;2000 UTC;;;;;;;;;;;;;;;;;;
2026/05/09;2100 UTC;;;;;;;;;;;;;;;;;;
2026/05/09;2200 UTC;;;;;;;;;;;;;;;;;;
2026/05/09;2300 UTC;;;;;;;;;;;;;;;;;;
2026/05/10;0000 UTC;;;;;;;;;;;;;;;;;;
2026/05/10;0100 UTC;;;;;;;;;;;;;;;;;;
2026/05/10;0200 UTC;;;;;;;;;;;;;;;;;;
2026/05/10;0300 UTC;;;;;;;;;;;;;;;;;;
2026/05/10;0400 UTC;;;;;;;;;;;;;;;;;;
2026/05/10;0500 UTC;;;;;;;;;;;;;;;;;;
2026/05/10;0600 UTC;;;;;;;;;;;;;;;;;;
2026/05/10;0700 UTC;;;;;;;;;;;;;;;;;;
2026/05/10;0800 UTC;;;;;;;;;;;;;;;;;;
2026/05/10;0900 UTC;;;;;;;;;;;;;;;;;;
2026/05/10;1000 UTC;;;;;;;;;;;;;;;;;;
2026/05/10;1100 UTC;;;;;;;;;;;;;;;;;;
2026/05/10;1200 UTC;;;;;;;;;;;;;;;;;;
2026/05/10;1300 UTC;;;;;;;;;;;;;;;;;;
2026/05/10;1400 UTC;;;;;;;;;;;;;;;;;;
2026/05/10;1500 UTC;;;;;;;;;;;;;;;;;;
2026/05/10;1600 UTC;;;;;;;;;;;;;;;;;;
2026/05/10;1700 UTC;;;;;;;;;;;;;;;;;;
2026/05/10;1800 UTC;;;;;;;;;;;;;;;;;;
2026/05/10;1900 UTC;;;;;;;;;;;;;;;;;;
2026/05/10;2000 UTC;;;;;;;;;;;;;;;;;;
2026/05/10;2100 UTC;;;;;;;;;;;;;;;;;;
2026/05/10;2200 UTC;;;;;;;;;;;;;;;;;;
2026/05/10;2300 UTC;;;;;;;;;;;;;;;;;;
2026/05/11;0000 UTC;;;;;;;;;;;;;;;;;;
2026/05/11;0100 UTC;;;;;;;;;;;;;;;;;;
2026/05/11;0200 UTC;;;;;;;;;;;;;;;;;;
2026/05/11;0300 UTC;;;;;;;;;;;;;;;;;;
2026/05/11;0400 UTC;;;;;;;;;;;;;;;;;;
2026/05/11;0500 UTC;;;;;;;;;;;;;;;;;;
2026/05/11;0600 UTC;;;;;;;;;;;;;;;;;;
2026/05/11;0700 UTC;;;;;;;;;;;;;;;;;;
2026/05/11;0800 UTC;;;;;;;;;;;;;;;;;;
2026/05/11;0900 UTC;;;;;;;;;;;;;;;;;;
2026/05/11;1000 UTC;;;;;;;;;;;;;;;;;;
2026/05/11;1100 UTC;;;;;;;;;;;;;;;;;;
2026/05/11;1200 UTC;;;;;;;;;;;;;;;;;;
2026/05/11;1300 UTC;;;;;;;;;;;;;;;;;;
2026/05/11;1400 UTC;;;;;;;;;;;;;;;;;;
2026/05/11;1500 UTC;;;;;;;;;;;;;;;;;;
2026/05/11;1600 UTC;;;;;;;;;;;;;;;;;;
2026/05/11;1700 UTC;;;;;;;;;;;;;;;;;;
2026/05/11;1800 UTC;;;;;;;;;;;;;;;;;;
2026/05/11;1900 UTC;;;;;;;;;;;;;;;;;;
2026/05/11;2000 UTC;;;;;;;;;;;;;;;;;;
2026/05/11;2100 UTC;;;;;;;;;;;;;;;;;;
2026/05/11;2200 UTC;;;;;;;;;;;;;;;;;;
2026/05/11;2300 UTC;;;;;;;;;;;;;;;;;;
2026/05/12;0000 UTC;;;;;;;;;;;;;;;;;;
2026/05/12;0100 UTC;;;;;;;;;;;;;;;;;;
2026/05/12;0200 UTC;;;;;;;;;;;;;;;;;;
2026/05/12;0300 UTC;;;;;;;;;;;;;;;;;;
2026/05/12;0400 UTC;;;;;;;;;;;;;;;;;;
2026/05/12;0500 UTC;;;;;;;;;;;;;;;;;;
2026/05/12;0600 UTC;;;;;;;;;;;;;;;;;;
2026/05/12;0700 UTC;;;;;;;;;;;;;;;;;;
2026/05/12;0800 UTC;;;;;;;;;;;;;;;;;;
2026/05/12;0900 UTC;;;;;;;;;;;;;;;;;;
2026/05/12;1000 UTC;;;;;;;;;;;;;;;;;;
2026/05/12;1100 UTC;;;;;;;;;;;;;;;;;;
2026/05/12;1200 UTC;;;;;;;;;;;;;;;;;;
2026/05/12;1300 UTC;;;;;;;;;;;;;;;;;;
2026/05/12;1400 UTC;;;;;;;;;;;;;;;;;;
2026/05/12;1500 UTC;;;;;;;;;;;;;;;;;;
2026/05/12;1600 UTC;;;;;;;;;;;;;;;;;;
2026/05/12;1700 UTC;;;;;;;;;;;;;;;;;;
2026/05/12;1800 UTC;;;;;;;;;;;;;;;;;;
2026/05/12;1900 UTC;;;;;;;;;;;;;;;;;;
2026/05/12;2000 UTC;;;;;;;;;;;;;;;;;;
2026/05/12;2100 UTC;;;;;;;;;;;;;;;;;;
2026/05/12;2200 UTC;;;;;;;;;;;;;;;;;;
2026/05/12;2300 UTC;;;;;;;;;;;;;;;;;;
2026/05/13;0000 UTC;;;;;;;;;;;;;;;;;;
2026/05/13;0100 UTC;;;;;;;;;;;;;;;;;;
2026/05/13;0200 UTC;;;;;;;;;;;;;;;;;;
2026/05/13;0300 UTC;;;;;;;;;;;;;;;;;;
2026/05/13;0400 UTC;;;;;;;;;;;;;;;;;;
2026/05/13;0500 UTC;;;;;;;;;;;;;;;;;;
2026/05/13;0600 UTC;;;;;;;;;;;;;;;;;;
2026/05/13;0700 UTC;;;;;;;;;;;;;;;;;;
2026/05/13;0800 UTC;;;;;;;;;;;;;;;;;;
2026/05/13;0900 UTC;;;;;;;;;;;;;;;;;;
2026/05/13;1000 UTC;;;;;;;;;;;;;;;;;;
2026/05/13;1100 UTC;;;;;;;;;;;;;;;;;;
2026/05/13;1200 UTC;;;;;;;;;;;;;;;;;;
2026/05/13;1300 UTC;;;;;;;;;;;;;;;;;;
2026/05/13;1400 UTC;;;;;;;;;;;;;;;;;;
2026/05/13;1500 UTC;;;;;;;;;;;;;;;;;;
2026/05/13;1600 UTC;;;;;;;;;;;;;;;;;;
2026/05/13;1700 UTC;;;;;;;;;;;;;;;;;;
2026/05/13;1800 UTC;;;;;;;;;;;;;;;;;;
2026/05/13;1900 UTC;;;;;;;;;;;;;;;;;;
2026/05/13;2000 UTC;;;;;;;;;;;;;;;;;;
2026/05/13;2100 UTC;;;;;;;;;;;;;;;;;;
2026/05/13;2200 UTC;;;;;;;;;;;;;;;;;;
2026/05/13;2300 UTC;;;;;;;;;;;;;;;;;;
2026/05/14;0000 UTC;;;;;;;;;;;;;;;;;;
2026/05/14;0100 UTC;;;;;;;;;;;;;;;;;;
2026/05/14;0200 UTC;;;;;;;;;;;;;;;;;;
2026/05/14;0300 UTC;;;;;;;;;;;;;;;;;;
2026/05/14;0400 UTC;;;;;;;;;;;;;;;;;;
2026/05/14;0500 UTC;;;;;;;;;;;;;;;;;;
2026/05/14;0600 UTC;;;;;;;;;;;;;;;;;;
2026/05/14;0700 UTC;;;;;;;;;;;;;;;;;;
2026/05/14;0800 UTC;;;;;;;;;;;;;;;;;;
2026/05/14;0900 UTC;;;;;;;;;;;;;;;;;;
2026/05/14;1000 UTC;;;;;;;;;;;;;;;;;;
2026/05/14;1100 UTC;;;;;;;;;;;;;;;;;;
2026/05/14;1200 UTC;;;;;;;;;;;;;;;;;;
2026/05/14;1300 UTC;;;;;;;;;;;;;;;;;;
2026/05/14;1400 UTC;;;;;;;;;;;;;;;;;;
2026/05/14;1500 UTC;;;;;;;;;;;;;;;;;;
2026/05/14;1600 UTC;;;;;;;;;;;;;;;;;;
2026/05/14;1700 UTC;;;;;;;;;;;;;;;;;;
2026/05/14;1800 UTC;;;;;;;;;;;;;;;;;;
2026/05/14;1900 UTC;;;;;;;;;;;;;;;;;;
2026/05/14;2000 UTC;;;;;;;;;;;;;;;;;;
2026/05/14;2100 UTC;;;;;;;;;;;;;;;;;;
2026/05/14;2200 UTC;;;;;;;;;;;;;;;;;;
2026/05/14;2300 UTC;;;;;;;;;;;;;;;;;;
2026/05/15;0000 UTC;;;;;;;;;;;;;;;;;;
2026/05/15;0100 UTC;;;;;;;;;;;;;;;;;;
2026/05/15;0200 UTC;;;;;;;;;;;;;;;;;;
2026/05/15;0300 UTC;;;;;;;;;;;;;;;;;;
2026/05/15;0400 UTC;;;;;;;;;;;;;;;;;;
2026/05/15;0500 UTC;;;;;;;;;;;;;;;;;;
2026/05/15;0600 UTC;;;;;;;;;;;;;;;;;;
2026/05/15;0700 UTC;;;;;;;;;;;;;;;;;;
2026/05/15;0800 UTC;;;;;;;;;;;;;;;;;;
2026/05/15;0900 UTC;;;;;;;;;;;;;;;;;;
2026/05/15;1000 UTC;;;;;;;;;;;;;;;;;;
2026/05/15;1100 UTC;;;;;;;;;;;;;;;;;;
2026/05/15;1200 UTC;;;;;;;;;;;;;;;;;;
2026/05/15;1300 UTC;;;;;;;;;;;;;;;;;;
2026/05/15;1400 UTC;;;;;;;;;;;;;;;;;;
2026/05/15;1500 UTC;;;;;;;;;;;;;;;;;;
2026/05/15;1600 UTC;;;;;;;;;;;;;;;;;;
2026/05/15;1700 UTC;;;;;;;;;;;;;;;;;;
2026/05/15;1800 UTC;;;;;;;;;;;;;;;;;;
2026/05/15;1900 UTC;;;;;;;;;;;;;;;;;;
2026/05/15;2000 UTC;;;;;;;;;;;;;;;;;;
2026/05/15;2100 UTC;;;;;;;;;;;;;;;;;;
2026/05/15;2200 UTC;;;;;;;;;;;;;;;;;;
2026/05/15;2300 UTC;;;;;;;;;;;;;;;;;;
2026/05/16;0000 UTC;;;;;;;;;;;;;;;;;;
2026/05/16;0100 UTC;;;;;;;;;;;;;;;;;;
2026/05/16;0200 UTC;;;;;;;;;;;;;;;;;;
2026/05/16;0300 UTC;;;;;;;;;;;;;;;;;;
2026/05/16;0400 UTC;;;;;;;;;;;;;;;;;;
2026/05/16;0500 UTC;;;;;;;;;;;;;;;;;;
2026/05/16;0600 UTC;;;;;;;;;;;;;;;;;;
2026/05/16;0700 UTC;;;;;;;;;;;;;;;;;;
2026/05/16;0800 UTC;;;;;;;;;;;;;;;;;;
2026/05/16;0900 UTC;;;;;;;;;;;;;;;;;;
2026/05/16;1000 UTC;;;;;;;;;;;;;;;;;;
2026/05/16;1100 UTC;;;;;;;;;;;;;;;;;;
2026/05/16;1200 UTC;;;;;;;;;;;;;;;;;;
2026/05/16;1300 UTC;;;;;;;;;;;;;;;;;;
2026/05/16;1400 UTC;;;;;;;;;;;;;;;;;;
2026/05/16;1500 UTC;;;;;;;;;;;;;;;;;;
2026/05/16;1600 UTC;;;;;;;;;;;;;;;;;;
2026/05/16;1700 UTC;;;;;;;;;;;;;;;;;;
2026/05/16;1800 UTC;;;;;;;;;;;;;;;;;;
2026/05/16;1900 UTC;;;;;;;;;;;;;;;;;;
2026/05/16;2000 UTC;;;;;;;;;;;;;;;;;;
2026/05/16;2100 UTC;;;;;;;;;;;;;;;;;;
2026/05/16;2200 UTC;;;;;;;;;;;;;;;;;;
2026/05/16;2300 UTC;;;;;;;;;;;;;;;;;;
2026/05/17;0000 UTC;;;;;;;;;;;;;;;;;;
2026/05/17;0100 UTC;;;;;;;;;;;;;;;;;;
2026/05/17;0200 UTC;;;;;;;;;;;;;;;;;;
2026/05/17;0300 UTC;;;;;;;;;;;;;;;;;;
2026/05/17;0400 UTC;;;;;;;;;;;;;;;;;;
2026/05/17;0500 UTC;;;;;;;;;;;;;;;;;;
2026/05/17;0600 UTC;;;;;;;;;;;;;;;;;;
2026/05/17;0700 UTC;;;;;;;;;;;;;;;;;;
2026/05/17;0800 UTC;;;;;;;;;;;;;;;;;;
2026/05/17;0900 UTC;;;;;;;;;;;;;;;;;;
2026/05/17;1000 UTC;;;;;;;;;;;;;;;;;;
2026/05/17;1100 UTC;;;;;;;;;;;;;;;;;;
2026/05/17;1200 UTC;;;;;;;;;;;;;;;;;;
2026/05/17;1300 UTC;;;;;;;;;;;;;;;;;;
2026/05/17;1400 UTC;;;;;;;;;;;;;;;;;;
2026/05/17;1500 UTC;;;;;;;;;;;;;;;;;;
2026/05/17;1600 UTC;;;;;;;;;;;;;;;;;;
2026/05/17;1700 UTC;;;;;;;;;;;;;;;;;;
2026/05/17;1800 UTC;;;;;;;;;;;;;;;;;;
2026/05/17;1900 UTC;;;;;;;;;;;;;;;;;;
2026/05/17;2000 UTC;;;;;;;;;;;;;;;;;;
2026/05/17;2100 UTC;;;;;;;;;;;;;;;;;;
2026/05/17;2200 UTC;;;;;;;;;;;;;;;;;;
2026/05/17;2300 UTC;;;;;;;;;;;;;;;;;;
2026/05/18;0000 UTC;;;;;;;;;;;;;;;;;;
2026/05/18;0100 UTC;;;;;;;;;;;;;;;;;;
2026/05/18;0200 UTC;;;;;;;;;;;;;;;;;;
2026/05/18;0300 UTC;;;;;;;;;;;;;;;;;;
2026/05/18;0400 UTC;;;;;;;;;;;;;;;;;;
2026/05/18;0500 UTC;;;;;;;;;;;;;;;;;;
2026/05/18;0600 UTC;;;;;;;;;;;;;;;;;;
2026/05/18;0700 UTC;;;;;;;;;;;;;;;;;;
2026/05/18;0800 UTC;;;;;;;;;;;;;;;;;;
2026/05/18;0900 UTC;;;;;;;;;;;;;;;;;;
2026/05/18;1000 UTC;;;;;;;;;;;;;;;;;;
2026/05/18;1100 UTC;;;;;;;;;;;;;;;;;;
2026/05/18;1200 UTC;;;;;;;;;;;;;;;;;;
2026/05/18;1300 UTC;;;;;;;;;;;;;;;;;;
2026/05/18;1400 UTC;;;;;;;;;;;;;;;;;;
2026/05/18;1500 UTC;;;;;;;;;;;;;;;;;;
2026/05/18;1600 UTC;;;;;;;;;;;;;;;;;;
2026/05/18;1700 UTC;;;;;;;;;;;;;;;;;;
2026/05/18;1800 UTC;;;;;;;;;;;;;;;;;;
2026/05/18;1900 UTC;;;;;;;;;;;;;;;;;;
2026/05/18;2000 UTC;;;;;;;;;;;;;;;;;;
2026/05/18;2100 UTC;;;;;;;;;;;;;;;;;;
2026/05/18;2200 UTC;;;;;;;;;;;;;;;;;;
2026/05/18;2300 UTC;;;;;;;;;;;;;;;;;;
2026/05/19;0000 UTC;;;;;;;;;;;;;;;;;;
2026/05/19;0100 UTC;;;;;;;;;;;;;;;;;;
2026/05/19;0200 UTC;;;;;;;;;;;;;;;;;;
2026/05/19;0300 UTC;;;;;;;;;;;;;;;;;;
2026/05/19;0400 UTC;;;;;;;;;;;;;;;;;;
2026/05/19;0500 UTC;;;;;;;;;;;;;;;;;;
2026/05/19;0600 UTC;;;;;;;;;;;;;;;;;;
2026/05/19;0700 UTC;;;;;;;;;;;;;;;;;;
2026/05/19;0800 UTC;;;;;;;;;;;;;;;;;;
2026/05/19;0900 UTC;;;;;;;;;;;;;;;;;;
2026/05/19;1000 UTC;;;;;;;;;;;;;;;;;;
2026/05/19;1100 UTC;;;;;;;;;;;;;;;;;;
2026/05/19;1200 UTC;;;;;;;;;;;;;;;;;;
2026/05/19;1300 UTC;;;;;;;;;;;;;;;;;;
2026/05/19;1400 UTC;;;;;;;;;;;;;;;;;;
2026/05/19;1500 UTC;;;;;;;;;;;;;;;;;;
2026/05/19;1600 UTC;;;;;;;;;;;;;;;;;;
2026/05/19;1700 UTC;;;;;;;;;;;;;;;;;;
2026/05/19;1800 UTC;;;;;;;;;;;;;;;;;;
2026/05/19;1900 UTC;;;;;;;;;;;;;;;;;;
2026/05/19;2000 UTC;;;;;;;;;;;;;;;;;;
2026/05/19;2100 UTC;;;;;;;;;;;;;;;;;;
2026/05/19;2200 UTC;;;;;;;;;;;;;;;;;;
2026/05/19;2300 UTC;;;;;;;;;;;;;;;;;;
2026/05/20;0000 UTC;;;;;;;;;;;;;;;;;;
2026/05/20;0100 UTC;;;;;;;;;;;;;;;;;;
2026/05/20;0200 UTC;;;;;;;;;;;;;;;;;;
2026/05/20;0300 UTC;;;;;;;;;;;;;;;;;;
2026/05/20;0400 UTC;;;;;;;;;;;;;;;;;;
2026/05/20;0500 UTC;;;;;;;;;;;;;;;;;;
2026/05/20;0600 UTC;;;;;;;;;;;;;;;;;;
2026/05/20;0700 UTC;;;;;;;;;;;;;;;;;;
2026/05/20;0800 UTC;;;;;;;;;;;;;;;;;;
2026/05/20;0900 UTC;;;;;;;;;;;;;;;;;;
2026/05/20;1000 UTC;;;;;;;;;;;;;;;;;;
2026/05/20;1100 UTC;;;;;;;;;;;;;;;;;;
2026/05/20;1200 UTC;;;;;;;;;;;;;;;;;;
2026/05/20;1300 UTC;;;;;;;;;;;;;;;;;;
2026/05/20;1400 UTC;;;;;;;;;;;;;;;;;;
2026/05/20;1500 UTC;;;;;;;;;;;;;;;;;;
2026/05/20;1600 UTC;;;;;;;;;;;;;;;;;;
2026/05/20;1700 UTC;;;;;;;;;;;;;;;;;;
2026/05/20;1800 UTC;;;;;;;;;;;;;;;;;;
2026/05/20;1900 UTC;;;;;;;;;;;;;;;;;;
2026/05/20;2000 UTC;;;;;;;;;;;;;;;;;;
2026/05/20;2100 UTC;;;;;;;;;;;;;;;;;;
2026/05/20;2200 UTC;;;;;;;;;;;;;;;;;;
2026/05/20;2300 UTC;;;;;;;;;;;;;;;;;;
2026/05/21;0000 UTC;;;;;;;;;;;;;;;;;;
2026/05/21;0100 UTC;;;;;;;;;;;;;;;;;;
2026/05/21;0200 UTC;;;;;;;;;;;;;;;;;;
2026/05/21;0300 UTC;;;;;;;;;;;;;;;;;;
2026/05/21;0400 UTC;;;;;;;;;;;;;;;;;;
2026/05/21;0500 UTC;;;;;;;;;;;;;;;;;;
2026/05/21;0600 UTC;;;;;;;;;;;;;;;;;;
2026/05/21;0700 UTC;;;;;;;;;;;;;;;;;;
2026/05/21;0800 UTC;;;;;;;;;;;;;;;;;;
2026/05/21;0900 UTC;;;;;;;;;;;;;;;;;;
2026/05/21;1000 UTC;;;;;;;;;;;;;;;;;;
2026/05/21;1100 UTC;;;;;;;;;;;;;;;;;;
2026/05/21;1200 UTC;;;;;;;;;;;;;;;;;;
2026/05/21;1300 UTC;;;;;;;;;;;;;;;;;;
2026/05/21;1400 UTC;;;;;;;;;;;;;;;;;;
2026/05/21;1500 UTC;;;;;;;;;;;;;;;;;;
2026/05/21;1600 UTC;;;;;;;;;;;;;;;;;;
2026/05/21;1700 UTC;;;;;;;;;;;;;;;;;;
2026/05/21;1800 UTC;0;1006,6;1007,7;1006,6;1636,1;21,5;15,3;21,5;20,8;15,4;14,4;70;66;68;184;5,2;1,8;
2026/05/21;1900 UTC;0;1006,6;1006,7;1006,5;1290,7;21,4;15,3;21,8;21,4;15,8;14,8;70;66;68;159;4,1;1,9;
2026/05/21;2000 UTC;0;1006,5;1006,6;1006,5;1378,5;21,7;15,4;22,2;21,4;15,9;15,1;70;66;67;210;3,8;1,8;
2026/05/21;2100 UTC;0;1007,2;1007,2;1006,5;614,1;20,2;15,8;21,7;20,2;16,3;15,3;76;67;76;229;3,9;1,4;
2026/05/21;2200 UTC;0;1007,7;1007,7;1007,2;23,5;18,6;15,6;20,2;18,6;15,8;15,6;83;76;83;218;3,6;1,5;
2026/05/21;2300 UTC;0;1007,6;1007,7;1007,3;0;17,8;14,7;18,6;17,8;15,6;14,7;85;82;82;199;4,8;1,8;
2026/05/22;0000 UTC;0;1008,3;1008,3;1007,6;0;17,5;14,4;17,9;17,5;14,7;14,4;82;81;82;209;3,7;1,5;
2026/05/22;0100 UTC;0;1007,8;1008,3;1007,8;0;17,9;14,3;17,9;17,5;14,7;14,3;83;79;80;184;5;2,4;
2026/05/22;0200 UTC;0;1007,8;1008;1007,7;0;17,2;14,1;17,9;17,2;14,3;14;82;79;82;192;6,3;2,5;
2026/05/22;0300 UTC;0;1007,9;1008;1007,8;0;17;14,3;17,3;17;14,4;14,1;84;82;84;175;6,3;2,2;
2026/05/22;0400 UTC;0;1007,8;1008;1007,8;0;16,4;14,2;17;16,3;14,3;14,1;87;84;87;176;5,3;1,9;
2026/05/22;0500 UTC;0;1007,3;1007,8;1007,3;0;16;14,1;16,4;16;14,3;14,1;89;87;89;181;4,8;2,1;
2026/05/22;0600 UTC;0;1007;1007,3;1007;0;15,8;14,1;16;15,8;14,3;14,1;90;89;90;177;5,2;1,8;
2026/05/22;0700 UTC;0;1006,9;1007,2;1006,8;0;16;14;16;15,7;14,2;14;90;88;88;176;5,2;2,5;
2026/05/22;0800 UTC;0;1007,2;1007,2;1006,9;0;16,4;13,8;16,4;16;14,1;13,8;88;85;85;185;5,2;2;
2026/05/22;0900 UTC;0;1007,3;1007,3;1007,1;0;16,6;13,6;16,6;16,3;13,9;13,6;86;83;83;183;6;2,1;
2026/05/22;1000 UTC;0;1008,1;1008,1;1007,3;,2;16,7;13,4;16,7;16,6;13,7;13,3;83;81;81;196;4,9;2,1;
2026/05/22;1100 UTC;0;1008,6;1008,6;1008,1;89,6;16,8;13,1;16,9;16,7;13,4;12,9;81;78;79;189;5,1;2,1;
2026/05/22;1200 UTC;0;1009,2;1009,2;1008,5;418,6;17,3;13,2;17,3;16,8;13,3;12,9;79;76;77;185;6,3;2,8;
2026/05/22;1300 UTC;0;1009,9;1009,9;1009,2;769,5;18;13,1;18;17,3;13,5;12,9;78;73;73;171;6,2;2,8;
2026/05/22;1400 UTC;0;1010;1010,3;1009,9;1054,5;19;13,6;19;18;13,8;13;75;69;71;183;6,1;2,8;
2026/05/22;1500 UTC;0;1009,6;1010,1;1009,6;1703,7;19,9;13,7;20,1;18,7;14;13;71;65;67;198;6;2,6;
2026/05/22;1600 UTC;0;1008,7;1009,6;1008,6;1819,2;20,6;13,5;20,9;19,8;14,2;13,2;68;62;64;168;5,6;2,5;
2026/05/22;1700 UTC;0;1007,8;1008,7;1007,8;1752,6;21;13,9;21,7;20,6;15,2;13,3;67;61;64;197;4,9;2,2;
2026/05/22;1800 UTC;0;1007;1007,8;1007;1948,6;21,6;14,2;22,2;21;14,7;13,5;65;61;63;204;5,4;2,2;
2026/05/22;1900 UTC;0;1006,7;1007,1;1006,5;1325,3;21,5;15,2;21,9;21,1;15,2;13,5;68;61;68;174;5,1;1,7;
2026/05/22;2000 UTC;0;1006,8;1007;1006,6;978,3;20,8;14,6;22,1;20,8;15,2;14;68;61;68;155;4,6;2,2;
2026/05/22;2100 UTC;0;1007,4;1007,5;1006,8;298,1;19,6;14,7;20,8;19,6;15,2;14,3;73;67;73;172;4,4;1,2;
2026/05/22;2200 UTC;0;1007,8;1007,8;1007,2;10,7;18,5;14;19,6;18,5;15;13,9;78;73;75;176;4,5;1,6;
2026/05/22;2300 UTC;0;1008,4;1008,4;1007,7;0;17,8;14;18,5;17,8;14,2;13,8;79;75;79;192;4,5;1,5;
2026/05/23;0000 UTC;0;1008,8;1008,9;1008,3;0;17,5;13,7;17,8;17,5;14,2;13,6;80;77;78;189;4,3;1,5;
2026/05/23;0100 UTC;0;1008,9;1009,2;1008,7;0;17;13,8;17,5;17;13,9;13,6;82;78;82;179;3,7;1,6;
2026/05/23;0200 UTC;0;1008,7;1009;1008,6;0;16,7;13,8;17;16,7;13,9;13,7;83;81;83;184;4,3;1,2;
2026/05/23;0300 UTC;0;1008,6;1008,9;1008,6;0;16,6;13,9;16,8;16,6;14;13,7;84;83;84;186;3,6;1,4;
2026/05/23;0400 UTC;0;1008,5;1008,9;1008,5;0;16,6;14;16,7;16,5;14;13,9;85;84;85;172;4,3;2;
2026/05/23;0500 UTC;0;1008,3;1008,8;1008,3;0;16,4;13,7;16,6;16,3;14;13,6;85;84;84;181;4,4;2,2;
2026/05/23;0600 UTC;0;1007,6;1008,3;1007,6;0;16,7;13,7;16,7;16,4;13,7;13,6;84;82;82;166;5,6;2,6;
2026/05/23;0700 UTC;0;1007,7;1007,8;1007,5;0;16,6;13,6;16,7;16,6;13,8;13,4;83;82;82;179;5,4;1,9;
2026/05/23;0800 UTC;0;1007,7;1007,9;1007,6;0;16,7;13,8;16,7;16,6;13,8;13,4;83;81;83;185;4,7;1,7;
2026/05/23;0900 UTC;0;1007,7;1007,8;1007,4;0;16,7;13,8;16,9;16,7;13,9;13,7;83;82;83;188;4,8;2,1;
2026/05/23;1000 UTC;0;1008;1008,1;1007,7;0;16,9;13,9;16,9;16,7;14;13,8;84;83;83;200;4;1,1;
2026/05/23;1100 UTC;0;1008,6;1008,6;1008,1;110,2;17,3;14;17,3;16,8;14,3;13,8;84;81;81;175;3,9;1,6;
2026/05/23;1200 UTC;0;1008,9;1009;1008,6;557,7;17,9;13,9;18;17,2;14,5;13,8;82;77;78;197;4,8;1,4;
2026/05/23;1300 UTC;0;1009,4;1009,4;1008,9;929,1;18,4;14,1;18,6;17,8;14,7;13,8;80;75;76;171;4,5;2,2;
2026/05/23;1400 UTC;0;1009,4;1009,6;1009,4;1431,7;19,1;14,4;19,5;18,4;14,7;13,7;76;71;74;171;5,4;2,5;
2026/05/23;1500 UTC;0;1008,7;1009,4;1008,7;1895,6;20;14,7;20,1;18,9;15,1;14;75;70;71;180;4,7;2,3;
2026/05/23;1600 UTC;0;1007,8;1008,7;1007,8;2709,2;21,7;15,8;21,7;20;15,9;14,6;74;68;69;186;4,6;1,4;
2026/05/23;1700 UTC;0;1006,8;1007,8;1006,8;2624,4;22,7;16,2;22,9;21,2;16,7;15,1;73;66;67;208;4,4;1,3;
2026/05/23;1800 UTC;0;1006;1006,8;1006;2884,3;23,4;17,2;24,1;22,4;17,4;15,8;69;64;68;224;3,3;1,7;
2026/05/23;1900 UTC;0;1005,3;1006;1005,3;2384,1;23,6;17;24,5;23;18,1;16,4;68;64;67;206;4,6;1;
2026/05/23;2000 UTC;0;1005;1005,4;1005;976,5;22;17,1;24,1;22;17,9;16,9;74;66;74;198;4;1,8;
2026/05/23;2100 UTC;0;1005,2;1005,4;1004,9;338,7;20,8;17,2;22;20,8;17,4;16,9;80;74;80;210;3,4;1,5;
2026/05/23;2200 UTC;0;1005,4;1005,6;1005,2;23,9;19,5;17;20,8;19,5;17,3;16,9;85;79;85;222;3;,9;
2026/05/23;2300 UTC;0;1005,5;1005,5;1005,2;0;18,2;17,1;19,5;18,2;17,3;17;93;85;93;322;1,6;,6;
2026/05/24;0000 UTC;0;1005,7;1005,7;1005,4;0;18;17,2;18,2;18;17,4;17,1;95;93;95;317;1,1;,2;
2026/05/24;0100 UTC;0;1006,2;1006,2;1005,7;0;17,8;17,1;18,1;17,8;17,3;17;96;95;96;287;,9;,3;
2026/05/24;0200 UTC;0;1006,2;1006,4;1006,1;0;17,4;16,8;17,8;17,4;17,1;16,7;96;96;96;166;,6;,3;
2026/05/24;0300 UTC;0;1006;1006,3;1006;0;18,4;16,6;18,6;17,2;17,5;16,6;97;89;89;183;3,7;1,3;
2026/05/24;0400 UTC;0;1005,8;1006,1;1005,8;0;18,1;16;18,6;18,1;16,6;16;89;87;88;176;4;1,6;
2026/05/24;0500 UTC;0;1005,3;1005,8;1005,3;0;17,4;15,8;18,1;17,4;16;15,8;90;88;90;180;4;1,2;
2026/05/24;0600 UTC;0;1004,6;1005,3;1004,6;0;17,2;15,7;17,4;17,2;15,9;15,7;91;90;91;177;3,3;1,4;
2026/05/24;0700 UTC;0;1004,5;1004,6;1004,5;0;17,2;15,8;17,3;17,2;15,9;15,7;92;91;91;190;3,3;,8;
2026/05/24;0800 UTC;0;1004,5;1004,5;1004,4;0;16,6;15,5;17,2;16,6;15,8;15,5;94;91;94;265;1,7;,5;
2026/05/24;0900 UTC;0;1004,8;1004,9;1004,4;0;15,8;15,2;16,6;15,8;15,5;15,2;96;94;96;357;1,3;,4;
2026/05/24;1000 UTC;0;1005,2;1005,2;1004,8;0;15,3;14,8;15,8;15,3;15,2;14,8;97;96;97;314;,8;,2;
2026/05/24;1100 UTC;0;1005,9;1006;1005,2;139,8;16,3;15,8;16,3;15,3;15,8;14,8;97;97;97;345;,7;,4;
2026/05/24;1200 UTC;0;1006,3;1006,3;1005,9;553,9;18,3;15,5;18,3;16,3;16,5;15,5;97;84;84;155;2,4;,9;
2026/05/24;1300 UTC;0;1006,4;1006,4;1006,2;2375,9;21,1;16,2;21,3;18,3;16,8;15,2;83;73;74;156;3,2;1,7;
2026/05/24;1400 UTC;0;1006,2;1006,5;1006,2;2953,7;22,9;16,9;22,9;21;17,5;16,1;76;68;69;151;4,4;1,3;
2026/05/24;1500 UTC;0;1005,6;1006,2;1005,6;3341,7;24,6;18,3;24,8;22,7;18,4;16,7;71;64;68;278;3;1;
2026/05/24;1600 UTC;0;1004,3;1005,6;1004,3;3312,2;26,1;19,1;26,1;24,5;19,9;17,6;71;65;66;352;3,8;1,6;
2026/05/24;1700 UTC;0;1003,6;1004,3;1003,6;3166,4;26,1;18,8;26,6;25,3;19,9;18,5;70;64;64;331;5,7;1,5;
2026/05/24;1800 UTC;0;1002,8;1003,6;1002,8;2958;26,8;19,7;27;25,9;20,1;19;67;63;65;343;4,1;1,5;
2026/05/24;1900 UTC;0;1002,1;1002,8;1002,1;2452,6;27,6;20,4;27,6;26,7;20,7;19,5;67;63;65;334;4,1;1,3;
2026/05/24;2000 UTC;0;1001,8;1002,1;1001,8;1473,3;27,1;20,4;27,6;26,8;20,7;19,7;68;64;67;342;3,1;1,1;
2026/05/24;2100 UTC;0;1002;1002;1001,7;437,4;24,4;21;27,3;24,4;21;20,2;81;66;81;335;2,9;,8;
2026/05/24;2200 UTC;0;1002,4;1002,4;1001,9;15,1;22,5;21,2;24,5;22,5;21,2;21;92;81;92;18;1,3;,2;
2026/05/24;2300 UTC;0;1002,6;1002,7;1002,3;0;21,5;20,7;22,5;21,5;21,3;20,7;95;92;95;41;1,1;,2;
2026/05/25;0000 UTC;0;1002,7;1002,7;1002,6;0;21;20,2;21,6;20,9;20,7;20;95;94;95;132;1,3;,1;
2026/05/25;0100 UTC;0;1003,1;1003,1;1002,7;0;20,3;19,7;21,1;20,3;20,3;19,7;96;95;96;1;,5;,3;
2026/05/25;0200 UTC;0;1002,9;1003,1;1002,9;0;20;19,4;20,3;19,9;19,7;19,3;96;96;96;140;,6;,3;
2026/05/25;0300 UTC;0;1002,8;1002,9;1002,8;0;20;19,5;20,4;19,7;19,9;19,1;97;96;97;147;1,3;,7;
2026/05/25;0400 UTC;0;1002,4;1002,8;1002,4;0;20,6;20;20,7;19,9;20,1;19,4;97;96;96;140;2,2;1,2;
2026/05/25;0500 UTC;0;1002,3;1002,4;1002,3;0;19,7;19,2;20,6;19,4;20;18,8;97;94;97;137;1,8;,9;
2026/05/25;0600 UTC;0;1002;1002,3;1001,9;0;19,3;18,8;19,8;18,9;19,3;18,4;97;97;97;116;1,6;1;
2026/05/25;0700 UTC;0;1002,1;1002,1;1001,9;0;19,1;18,6;20;19;19,5;18,5;97;97;97;144;1,6;,6;
2026/05/25;0800 UTC;0;1002,3;1002,4;1002,1;0;19,7;19,3;19,8;18,9;19,3;18,4;97;97;97;150;1,9;1,3;
2026/05/25;0900 UTC;0;1002,8;1002,8;1002,3;0;19,8;19,2;19,9;19,6;19,4;19,2;97;97;97;161;2,4;1,3;
2026/05/25;1000 UTC;0;1003,4;1003,4;1002,8;,1;19,9;19,4;20,1;19,8;19,6;19,3;97;97;97;126;2,5;1,5;
2026/05/25;1100 UTC;0;1004,5;1004,5;1003,4;146,6;20,2;19,7;20,2;19,7;19,7;19,2;97;97;97;127;2,5;,9;
2026/05/25;1200 UTC;0;1005;1005;1004,5;563,2;21,7;21;21,7;20,2;21;19,7;97;95;95;130;2,7;1,2;
2026/05/25;1300 UTC;0;1005,4;1005,4;1004,9;1332,9;24,4;21,6;24,4;21,7;22,1;20,9;96;85;85;105;3;1,3;
2026/05/25;1400 UTC;0;1005,3;1005,5;1005,3;2367,6;26,6;21,5;26,7;24,4;22,1;21,1;86;72;74;118;3,4;1,8;
2026/05/25;1500 UTC;0;1004,7;1005,3;1004,7;3298,7;28;21,3;28,6;26,6;22,2;20,9;74;65;67;148;4,3;2,4;
2026/05/25;1600 UTC;0;1003,8;1004,7;1003,8;3306,8;29,9;21,1;30;28;22,2;20,8;68;59;59;263;4,1;1;
2026/05/25;1700 UTC;0;1003;1003,8;1003;2462,2;29,5;22,2;30,1;28,9;22,2;20,6;66;58;65;299;3,1;1,4;
2026/05/25;1800 UTC;0;1002,3;1003;1002,3;2482,2;29,8;20,8;30,2;28,9;22,2;20,7;65;58;59;251;3;1,2;
2026/05/25;1900 UTC;0;1002;1002,3;1002;2301,5;29,8;21,2;30,7;29,5;22;20,3;62;56;60;307;3,4;1,7;
2026/05/25;2000 UTC;0;1002,1;1002,1;1002;1504,3;29,8;21,3;30,1;29,5;21,9;20,2;62;56;60;310;3,3;1,7;
2026/05/25;2100 UTC;0;1002,5;1002,5;1002,1;528,3;26,7;22;29,9;26,7;22,3;21;75;59;75;319;2,5;,4;
2026/05/25;2200 UTC;0;1002,9;1002,9;1002,5;11,5;23,8;22,3;26,7;23,8;23;22;92;75;92;1;,8;,4;
2026/05/25;2300 UTC;0;1003,6;1003,6;1002,9;0;22,8;21,9;23,7;22,8;22,5;21,9;95;92;95;146;1,4;,4;
2026/05/26;0000 UTC;0;1004;1004;1003,6;0;21,9;21,3;22,8;21,9;21,9;21,2;96;95;96;159;,9;,4;
2026/05/26;0100 UTC;0;1004,5;1004,5;1004;0;21,3;20,7;22;21,3;21,4;20,7;97;96;96;227;1,6;,5;
2026/05/26;0200 UTC;0;1004,9;1004,9;1004,5;0;20,7;20,1;21,3;20,7;20,7;20,1;97;96;97;318;1;,3;
2026/05/26;0300 UTC;0;1004,5;1004,9;1004,5;0;21;20,5;21,1;20,7;20,6;20,2;97;97;97;196;1,4;,5;
2026/05/26;0400 UTC;0;1004,3;1004,6;1004,3;0;21,1;20,6;21,1;20,8;20,6;20,2;97;97;97;194;1,7;1;
2026/05/26;0500 UTC;0;1004;1004,3;1004;0;20,9;20,4;22,5;20,8;21,9;20,1;97;93;97;101;2;,3;
2026/05/26;0600 UTC;0;1004,1;1004,1;1004;0;20,4;19,9;21,2;20,3;20,7;19,8;97;97;97;141;1,1;,6;
2026/05/26;0700 UTC;0;1004,1;1004,1;1004;0;20,6;20,1;20,9;20,3;20,3;19,8;97;97;97;142;1,7;,7;
2026/05/26;0800 UTC;0;1004;1004,1;1004;0;20,8;20,3;21,1;20,5;20,5;20;97;97;97;147;1,4;,5;
2026/05/26;0900 UTC;0;1004,4;1004,4;1004;0;20,1;19,6;20,8;19,9;20,3;19,4;97;97;97;129;1,5;,9;
2026/05/26;1000 UTC;0;1005;1005;1004,4;0;20,2;19,7;20,6;19,9;20,1;19,5;97;97;97;130;2;1,1;
2026/05/26;1100 UTC;0;1005,9;1005,9;1005;118,3;21,8;21,3;21,8;20,1;21,3;19,6;97;97;97;164;3,1;1,7;
2026/05/26;1200 UTC;0;1006,7;1006,7;1005,9;664,4;23,4;21,8;23,4;21,8;22;21,3;97;91;91;162;4,7;2,7;
2026/05/26;1300 UTC;0;1007,1;1007,1;1006,6;2219,6;25,6;22,3;25,6;23,4;22,7;21,7;92;81;82;155;6,1;3,1;
2026/05/26;1400 UTC;0;1006,9;1007,1;1006,9;2844,2;27,4;22,1;27,5;25,6;22,6;21,8;83;72;73;163;6,3;3;
2026/05/26;1500 UTC;0;1006,2;1006,9;1006,2;3387,2;28,6;22;28,7;27,4;22,8;21,6;74;66;67;154;5,9;2,9;
2026/05/26;1600 UTC;0;1005,3;1006,2;1005,3;3628,9;29,6;22,1;29,7;28,4;22,8;20,9;69;61;64;167;5,3;2;
2026/05/26;1700 UTC;0;1004,3;1005,3;1004,3;3357,7;30,2;22,2;30,4;29,2;22,2;20,9;65;58;62;162;5;2,5;
2026/05/26;1800 UTC;0;1003,6;1004,4;1003,5;3231,1;30,7;20,9;30,8;30,1;22;20,4;62;55;56;172;5;2,1;
2026/05/26;1900 UTC;0;1003,1;1003,6;1003,1;2485,1;30,4;20,3;30,9;30,3;21,4;19,9;58;53;55;153;4,5;2,1;
2026/05/26;2000 UTC;0;1003;1003,1;1003;1552,9;29,6;21,6;30,7;29,6;21,6;20,2;62;55;62;174;5,4;2,6;
2026/05/26;2100 UTC;0;1003,2;1003,2;1003;576,6;27,7;21,6;29,6;27,7;22,2;21,1;69;62;69;180;5,4;1,9;
2026/05/26;2200 UTC;0;1003,8;1003,8;1003,2;16,7;25,5;21,3;27,7;25,5;21,6;21,3;78;69;78;180;4,7;1,4;
2026/05/26;2300 UTC;0;1004,1;1004,1;1003,8;0;24,3;21,2;25,5;24,3;21,3;21,1;83;78;83;171;4,5;2;
2026/05/27;0000 UTC;0;1004,7;1004,7;1004,1;0;23,8;21;24,4;23,8;21,3;21;85;83;85;176;4,9;2,4;
2026/05/27;0100 UTC;0;1005;1005;1004,7;0;22,9;20,7;23,8;22,9;21,1;20,7;88;85;88;176;5,8;2,3;
2026/05/27;0200 UTC;0;1005;1005,1;1005;0;22,3;20,3;22,9;22,3;20,7;20,3;89;87;88;166;5,5;2,6;
2026/05/27;0300 UTC;0;1004,8;1005;1004,8;0;21,7;20,1;22,3;21,7;20,3;20,1;90;88;90;166;5,5;2,9;
2026/05/27;0400 UTC;0;1004,5;1004,9;1004,5;0;21,3;20,1;21,7;21,3;20,1;20;93;90;93;163;6,1;2,8;
2026/05/27;0500 UTC;0;1004;1004,5;1004;0;21;20;21,3;21;20,1;20;94;93;94;159;6,6;3,2;
2026/05/27;0600 UTC;0;1003,6;1004;1003,6;0;20,9;19,9;21,1;20,8;20;19,8;94;93;94;158;6,6;2,8;
2026/05/27;0700 UTC;0;1003,4;1003,7;1003,4;0;20,5;19,6;20,9;20,5;19,8;19,6;95;94;94;154;5,3;2,3;
2026/05/27;0800 UTC;0;1003,3;1003,4;1003,2;0;20,3;19,4;20,6;20,3;19,6;19,4;95;94;95;167;4,6;1,9;
2026/05/27;0900 UTC;0;1003,7;1003,7;1003,3;0;20,1;19,3;20,3;20;19,5;19,2;95;95;95;165;5,1;1,6;
2026/05/27;1000 UTC;0;1004,2;1004,2;1003,7;0;19,8;19,1;20,1;19,7;19,3;19;96;95;96;176;4;1,6;
2026/05/27;1100 UTC;0;1004,8;1004,8;1004,2;57,5;20,1;19,4;20,1;19,8;19,4;19,1;96;96;96;163;5,1;2,6;
2026/05/27;1200 UTC;0;1005,3;1005,3;1004,8;356,7;20,8;20;20,8;20,1;20;19,4;96;95;95;159;6,5;3,2;
2026/05/27;1300 UTC;0;1005,9;1005,9;1005,3;793,3;21,7;20,1;21,9;20,6;20,6;19,8;95;91;91;157;6,1;2,6;
2026/05/27;1400 UTC;0;1005,7;1005,9;1005,7;1670,3;23,4;20,4;23,4;21,7;20,9;20,1;92;83;83;176;4,9;2,1;
2026/05/27;1500 UTC;0;1004,8;1005,7;1004,8;3124,3;25,9;20,9;25,9;23,3;21,7;19,9;84;73;74;172;4,2;1,1;
2026/05/27;1600 UTC;0;1003,8;1004,8;1003,8;3454,9;27,8;21,4;27,8;25,9;21,7;20,3;75;65;68;134;3,2;,7;
2026/05/27;1700 UTC;0;1002,6;1003,8;1002,6;3360,2;28,7;20,9;29;27,4;21,9;20,5;69;62;63;152;3,5;1,9;
2026/05/27;1800 UTC;0;1001,6;1002,6;1001,6;3110,3;29,5;21;30;28,6;22,1;20,5;66;60;60;204;4;1,8;
2026/05/27;1900 UTC;0;1001,1;1001,6;1001,1;2465,9;30,1;21,8;30,2;29,4;22,3;20,9;63;59;61;162;4,3;2;
2026/05/27;2000 UTC;0;1001,1;1001,1;1001;1540,6;29,8;21,8;30,2;29,7;22,2;21,2;64;59;62;172;3,9;1,4;
2026/05/27;2100 UTC;0;1001,4;1001,4;1001,1;567,5;28,7;22,7;29,8;28,7;22,7;21,5;70;61;70;189;3;,8;
2026/05/27;2200 UTC;0;1001,8;1001,8;1001,4;13,3;25,7;22,6;28,7;25,5;23,4;22,6;88;70;83;234;2,3;,5;
2026/05/27;2300 UTC;0;1002,4;1002,4;1001,8;0;24,5;21,8;25,7;24,5;22,6;21,8;88;83;85;215;2,3;,9;
2026/05/28;0000 UTC;0;1002,8;1002,8;1002,4;0;23,9;21,6;24,5;23,9;21,9;21,5;87;85;87;193;3,6;1,2;
2026/05/28;0100 UTC;0;1003;1003;1002,8;0;23,4;21,4;23,9;23,4;21,6;21,4;88;87;88;173;3,9;1,7;
2026/05/28;0200 UTC;0;1003;1003,2;1003;0;22,9;21,1;23,5;22,9;21,4;21,1;90;88;90;172;4;1,5;
2026/05/28;0300 UTC;0;1003;1003;1002,9;0;22,8;20,9;22,9;22,4;21,2;20,6;91;89;89;177;3,4;1,2;
2026/05/28;0400 UTC;0;1002,6;1003;1002,6;0;22,5;20,9;22,9;22,5;21;20,8;91;89;90;184;2,7;1,2;
2026/05/28;0500 UTC;0;1002,2;1002,6;1002,2;0;22,7;21,1;22,8;22,5;21,2;20,8;91;90;91;172;3,4;1,6;
2026/05/28;0600 UTC;0;1001,9;1002,2;1001,9;0;22,4;21,3;22,7;22,3;21,3;21;93;91;93;167;3,9;1,7;
2026/05/28;0700 UTC;0;1001,4;1001,9;1001,4;0;22,2;21,2;22,4;22,2;21,3;21,2;94;93;94;169;4,4;1,9;
2026/05/28;0800 UTC;0;1001,3;1001,4;1001,3;0;21,9;21,1;22,2;21,9;21,3;21;95;94;95;163;3,7;1,8;
2026/05/28;0900 UTC;0;1001,5;1001,6;1001,3;0;21,7;20,9;22;21,7;21,1;20,8;95;95;95;157;3,7;1,4;
2026/05/28;1000 UTC;0;1001,9;1001,9;1001,5;0;21,5;20,8;21,7;21,5;20,9;20,7;95;95;95;149;3,4;1,7;
2026/05/28;1100 UTC;0;1002,8;1002,8;1001,9;85,5;21,9;21;21,9;21,5;21;20,7;95;95;95;166;3,3;1,2;
2026/05/28;1200 UTC;0;1003,5;1003,5;1002,8;785,9;23,6;21,4;23,6;21,9;21,4;21;95;87;87;133;4,1;2;
2026/05/28;1300 UTC;0;1003,9;1003,9;1003,5;1724,5;25,8;21,3;26,1;23,6;22;20,9;89;75;76;106;4,1;1,4;
2026/05/28;1400 UTC;0;1003,7;1003,9;1003,7;2797,4;27,9;22;28,1;25,8;22,7;21,2;78;69;70;28;3,7;1;
2026/05/28;1500 UTC;0;1003,1;1003,7;1003,1;3298,2;29,2;22,5;29,4;27,8;22,5;21,3;70;65;67;19;4,4;1;
2026/05/28;1600 UTC;0;1002,1;1003,1;1002,1;2780,1;30,2;23,7;30,2;29;23,7;21,8;69;63;68;356;3,3;,8;
2026/05/28;1700 UTC;0;1001,1;1002,1;1001,1;3376,8;30,8;22,5;31,4;30;23,3;22,1;68;58;61;353;4,1;1,6;
2026/05/28;1800 UTC;0;1000,3;1001,1;1000,3;3112,7;32,2;23,2;32,2;30,7;23,4;22,1;64;58;59;21;4,1;1,4;
2026/05/28;1900 UTC;0;1000;1000,3;1000;2449,7;31,7;21,7;32,2;31,2;23;21,1;61;53;55;332;3,9;1,5;
2026/05/28;2000 UTC;0;999,9;1000;999,9;1542;31,4;22,3;32,4;31,4;22,6;21,3;59;53;59;334;3;,7;
2026/05/28;2100 UTC;0;1000,3;1000,3;999,9;437,4;28,2;23,2;31,8;28,2;23,6;21,5;75;56;75;295;2,2;,1;
2026/05/28;2200 UTC;0;1000,7;1000,7;1000,3;11;25,8;24,2;28,2;25,8;24,4;23,1;91;74;91;263;1;,2;
2026/05/28;2300 UTC;0;1000,9;1000,9;1000,7;0;24,9;23,8;25,8;24,9;24,3;23,8;94;91;94;133;,8;,4;
2026/05/29;0000 UTC;0;1001,5;1001,5;1000,9;0;24,4;23,5;24,9;24,4;23,9;23,5;95;94;95;315;,6;,2;
2026/05/29;0100 UTC;0;1001,9;1001,9;1001,5;0;24;23,3;24,4;24;23,6;23,3;96;95;96;152;,6;,3;
2026/05/29;0200 UTC;0;1002,2;1002,2;1001,9;0;23;22,4;24;23;23,4;22,3;96;96;96;306;1,2;,6;
2026/05/29;0300 UTC;0;1002,1;1002,2;1002;0;22,6;22;23,8;22,6;23,2;22;97;96;96;45;1,5;,2;
2026/05/29;0400 UTC;0;1001,9;1002,1;1001,8;0;22,1;21,5;22,6;22,1;22,1;21,5;97;96;97;3;,5;,2;
2026/05/29;0500 UTC;0;1001,3;1001,9;1001,3;0;21,4;20,8;22,1;21,4;21,5;20,8;97;97;97;167;,7;,4;
2026/05/29;0600 UTC;0;1001,2;1001,5;1001,2;0;21,1;20,6;21,6;21,1;21;20,6;97;97;97;127;1,3;,4;
2026/05/29;0700 UTC;0;1001,1;1001,2;1001;0;20,8;20,3;21,2;20,7;20,6;20,2;97;97;97;116;1,1;,1;
2026/05/29;0800 UTC;0;1001,1;1001,1;1000,9;0;21,2;20,6;21,2;20,5;20,6;20;97;97;97;133;1,8;1,3;
2026/05/29;0900 UTC;0;1001,8;1001,8;1001,1;0;21,2;20,7;21,4;21,2;20,9;20,6;97;97;97;111;2,4;,9;
2026/05/29;1000 UTC;0;1002,6;1002,6;1001,8;0;20,7;20,2;21,2;20,7;20,7;20,2;97;97;97;110;2,9;,6;
2026/05/29;1100 UTC;0;1003,1;1003,1;1002,6;113,4;20,9;20,5;20,9;20,4;20,5;19,9;97;97;97;97;1,4;,3;
2026/05/29;1200 UTC;0;1003,9;1003,9;1003;538,1;22,8;21,1;22,9;20,9;21,4;20,4;97;87;90;122;2;,7;
2026/05/29;1300 UTC;0;1004,6;1004,6;1003,9;1666,8;26,3;21,1;26,3;22,8;21,5;20,6;91;73;73;102;3,1;1;
2026/05/29;1400 UTC;0;1004,8;1004,8;1004,6;2823,9;28,6;20,6;28,6;26,3;21,9;19,7;76;60;62;114;4,6;1,8;
2026/05/29;1500 UTC;0;1004,1;1004,8;1004,1;3348,8;30,5;19,8;30,6;28,6;21,6;19,4;64;53;53;143;4,7;2,3;
2026/05/29;1600 UTC;0;1003;1004,1;1003;3580;31,6;18,3;31,6;30,4;20,5;17,8;55;44;45;139;6,1;2,6;
2026/05/29;1700 UTC;0;1001,9;1003;1001,9;3474,3;32,4;18,9;32,4;31,4;19,7;17,8;48;43;45;100;4,5;1,5;
2026/05/29;1800 UTC;0;1000,7;1001,9;1000,7;3089,4;32,7;18,3;33,2;32,3;20,4;17,7;50;41;43;55;4,6;1,5;
2026/05/29;1900 UTC;0;1000,6;1000,7;1000,5;2408,2;32,6;18,3;33,2;32,5;20,2;16,9;48;38;43;344;4,3;1,3;
2026/05/29;2000 UTC;0;1000,7;1000,7;1000,5;1525,2;32,2;19,3;33;32,1;21,3;18,3;52;42;46;287;2,9;1,2;
2026/05/29;2100 UTC;0;1001;1001;1000,7;557,9;29;22,4;32,2;29;23,3;19,4;70;47;68;89;1,7;,2;
2026/05/29;2200 UTC;0;1001,4;1001,4;1001;10,6;25,2;22,6;29;25,2;22,9;22,2;86;68;86;333;,5;,2;
2026/05/29;2300 UTC;0;1002,1;1002,1;1001,4;0;24,3;23,2;25,2;24,2;23,4;22,7;94;86;94;141;,5;,4;
2026/05/30;0000 UTC;0;1002,8;1002,8;1002,1;0;23,8;22,9;24,5;23,8;23,5;22,9;95;92;95;123;1,2;,5;
2026/05/30;0100 UTC;0;1003,3;1003,3;1002,8;0;22,9;22,1;23,8;22,9;22,8;22,1;96;94;95;65;1,1;,1;
2026/05/30;0200 UTC;0;1004,1;1004,1;1003,3;0;22,8;21,9;23,1;22,6;22,4;21,9;96;95;95;111;1,8;,7;
2026/05/30;0300 UTC;0;1004,2;1004,3;1004,1;0;21,9;20,9;22,8;21,9;21,9;20,9;95;93;94;89;1,4;,1;
2026/05/30;0400 UTC;0;1004,2;1004,3;1004,1;0;21,3;20,7;21,9;21,3;20,9;20,5;96;94;96;154;1,1;,4;
2026/05/30;0500 UTC;0;1003,7;1004,2;1003,7;0;20,9;20,3;21,4;20,8;20,7;20,3;96;96;96;99;,9;,2;
2026/05/30;0600 UTC;0;1003,1;1003,7;1003,1;0;20,9;20,2;21,2;20,7;20,5;20,2;97;96;96;286;1,1;,3;
2026/05/30;0700 UTC;0;1002,7;1003,1;1002,6;0;21,6;19,6;21,6;20,9;20,6;19,6;96;89;89;131;3,6;2;
2026/05/30;0800 UTC;0;1003;1003,1;1002,6;0;21,4;19,4;22,2;21,3;19,6;19,2;89;84;88;123;6,2;2;
2026/05/30;0900 UTC;0;1003,1;1003,1;1002,9;0;20,8;19,6;21,5;20,8;19,6;19,3;93;88;93;65;4;,5;
2026/05/30;1000 UTC;0;1004,3;1004,3;1003;0;20,8;19,7;21,1;20,5;20;19,5;95;93;93;152;3,1;1,7;
2026/05/30;1100 UTC;0;1005,3;1005,3;1004,2;82,8;21,2;19,9;21,2;20,5;19,9;19,4;94;92;92;145;3,9;2;
2026/05/30;1200 UTC;0;1006,1;1006,1;1005,2;657,8;22,4;19,8;22,5;21,2;20;19,6;92;83;85;151;5,7;2,6;
2026/05/30;1300 UTC;0;1006,5;1006,5;1006,1;1486,5;24,3;19,9;24,3;22,4;20,3;19,5;86;75;76;138;4,9;2,6;
2026/05/30;1400 UTC;0;1006,5;1006,7;1006,5;2583,4;25,9;19,8;26,1;24,3;20,4;19,5;77;68;69;133;5,6;2,7;
2026/05/30;1500 UTC;0;1005,9;1006,5;1005,9;3306,7;28;20,1;28,2;25,9;20,8;19,7;71;61;62;115;5,1;2;
2026/05/30;1600 UTC;0;1004,8;1005,9;1004,8;3521,8;30;20,1;30,2;27,9;21,1;19,8;64;55;55;119;3,8;1,1;
2026/05/30;1700 UTC;0;1003,7;1004,8;1003,7;3439,4;30,8;19,2;31,2;29,8;21,2;18,7;58;48;50;3;3,3;1,2;
2026/05/30;1800 UTC;0;1002,9;1003,7;1002,9;3058,5;31,2;19,2;31,6;30,6;21,1;19;56;49;49;300;2,5;1,1;
2026/05/30;1900 UTC;0;1002,7;1002,9;1002,7;2399,5;31,2;20,3;31,8;31;21,1;19,1;54;49;52;288;2,7;1,6;
2026/05/30;2000 UTC;0;1002,5;1002,7;1002,5;1619,6;31,2;20,1;31,5;30,9;21,1;19,3;56;49;52;288;2,7;1;
2026/05/30;2100 UTC;0;1002,7;1002,7;1002,4;533,1;28;22,5;31,3;28;22,6;19,7;72;50;72;279;1,5;,2;
2026/05/30;2200 UTC;0;1003,2;1003,2;1002,7;13,4;24,8;23;28;24,8;23,2;22,3;90;72;90;211;,6;,1;
2026/05/30;2300 UTC;0;1003,8;1003,8;1003,2;0;23,7;22,7;24,8;23,7;23,2;22,6;94;88;94;181;,6;,2;
2026/05/31;0000 UTC;0;1004,3;1004,3;1003,8;0;24,2;22,1;24,4;23,5;22,8;22;95;88;88;204;2;1;
2026/05/31;0100 UTC;0;1004,6;1004,6;1004,3;0;24,5;21,7;24,7;24,2;22,2;21,7;88;84;85;172;2,6;1,2;
2026/05/31;0200 UTC;0;1004,8;1004,8;1004,6;0;23,9;21,3;24,5;23,9;21,7;21,3;86;84;85;167;3,1;1,4;
2026/05/31;0300 UTC;0;1004,5;1004,8;1004,5;0;24,2;21;24,3;23,9;21,3;20,9;85;82;82;180;4;1,8;
2026/05/31;0400 UTC;0;1004,4;1004,5;1004,3;0;23,5;20,8;24,2;23,5;21;20,8;85;82;85;168;4,3;1,7;
2026/05/31;0500 UTC;0;1004,1;1004,4;1004,1;0;22,8;20,7;23,6;22,8;20,8;20,6;88;84;88;163;4,4;1,9;
2026/05/31;0600 UTC;0;1003,7;1004,1;1003,6;0;22,2;20,6;22,9;22,2;20,7;20,6;91;88;91;160;4,8;2,1;
2026/05/31;0700 UTC;0;1003,5;1003,7;1003,5;0;21,8;20,5;22,2;21,8;20,7;20,5;92;91;92;156;4;1,9;
2026/05/31;0800 UTC;0;1003,5;1003,5;1003,3;0;21,6;20,2;21,9;21,6;20,5;20,2;92;92;92;164;4,3;1,8;
2026/05/31;0900 UTC;0;1004;1004;1003,5;0;21,3;19,9;21,6;21,3;20,3;19,9;92;92;92;166;4,2;2,2;
2026/05/31;1000 UTC;0;1004,7;1004,7;1004;0;20,8;19,6;21,3;20,8;19,9;19,6;93;91;93;147;4,4;2,1;
2026/05/31;1100 UTC;0;1005,4;1005,4;1004,7;89,6;21,1;19,6;21,1;20,7;19,6;19,5;93;91;91;152;4,6;2,6;
2026/05/31;1200 UTC;0;1006,1;1006,1;1005,4;800,7;22,6;19,5;22,6;21,1;19,8;19,4;91;83;83;142;6,5;3,6;
2026/05/31;1300 UTC;0;1006,3;1006,4;1006;1993,2;25,2;19,7;25,2;22,6;20,1;19,4;84;72;72;138;6,5;3,2;
2026/05/31;1400 UTC;0;1005,8;1006,4;1005,8;2800,1;27,3;19,5;27,3;25,1;20;18,8;72;61;63;134;6,5;3,1;
2026/05/31;1500 UTC;0;1005,1;1005,8;1005,1;3294,3;29,4;19,3;29,5;27,3;19,8;18,4;64;52;55;119;6,3;2,4;
2026/05/31;1600 UTC;0;1003,9;1005,1;1003,9;3493,4;30,7;19,3;30,8;29,1;19,7;17,6;55;47;51;113;6,3;2,1;
2026/05/31;1700 UTC;0;1003;1003,9;1003;3436;31,1;17,3;31,6;30,5;19,5;16,8;51;42;44;117;5,4;2,4;
2026/05/31;1800 UTC;0;1002;1003;1002;2954,4;31,8;18,3;31,8;31,2;18,6;16,9;46;41;45;83;5,9;1,6;
2026/05/31;1900 UTC;0;1001,7;1002;1001,6;2242,8;31,2;19,3;32,3;31,2;19,9;17,2;51;41;49;53;4;,8;
2026/05/31;2000 UTC;0;1001,6;1001,7;1001,5;1215,3;30,2;20,9;31,4;29,5;21,4;17,9;61;45;57;22;2,5;,7;
2026/05/31;2100 UTC;0;1002,1;1002,1;1001,6;441,7;27;21,9;30,3;27;22,7;20,4;74;56;74;96;1,6;,4;
2026/05/31;2200 UTC;0;1002,5;1002,5;1002,1;14,2;24,8;23;27;24,8;23;21,3;90;71;90;135;1;,5;
2026/05/31;2300 UTC;0;1003,1;1003,1;1002,5;0;24,2;22;24,9;23,9;23,3;22;93;88;88;144;2;1,2;
