REGIAO:;S
UF:;RS
ESTACAO:;BOM JESUS - SANTO INACIO
CODIGO (WMO):;B857
LATITUDE:;-28,51388888
LONGITUDE:;-50,16777777
ALTITUDE:;1132
DATA DE FUNDACAO:;03/03/26
Data;Hora UTC;PRECIPITAÇÃO TOTAL, HORÁRIO (mm);PRESSAO ATMOSFERICA AO NIVEL DA ESTACAO, HORARIA (mB);PRESSÃO ATMOSFERICA MAX.NA HORA ANT. (AUT) (mB);PRESSÃO ATMOSFERICA MIN. NA HORA ANT. (AUT) (mB);RADIACAO GLOBAL (Kj/m²);TEMPERATURA DO AR - BULBO SECO, HORARIA (°C);TEMPERATURA DO PONTO DE ORVALHO (°C);TEMPERATURA MÁXIMA NA HORA ANT. (AUT) (°C);TEMPERATURA MÍNIMA NA HORA ANT. (AUT) (°C);TEMPERATURA ORVALHO MAX. NA HORA ANT. (AUT) (°C);TEMPERATURA ORVALHO MIN. NA HORA ANT. (AUT) (°C);UMIDADE REL. MAX. NA HORA ANT. (AUT) (%);UMIDADE REL. MIN. NA HORA ANT. (AUT) (%);UMIDADE RELATIVA DO AR, HORARIA (%);VENTO, DIREÇÃO HORARIA (gr) (° (gr));VENTO, RAJADA MAXIMA (m/s);VENTO, VELOCIDADE HORARIA (m/s);
2026/03/03;0000 UTC;;;;;;;;;;;;;;;;;;
2026/03/03;0100 UTC;;;;;;;;;;;;;;;;;;
2026/03/03;0200 UTC;;;;;;;;;;;;;;;;;;
2026/03/03;0300 UTC;;;;;;;;;;;;;;;;;;
2026/03/03;0400 UTC;;;;;;;;;;;;;;;;;;
2026/03/03;0500 UTC;;;;;;;;;;;;;;;;;;
2026/03/03;0600 UTC;;;;;;;;;;;;;;;;;;
2026/03/03;0700 UTC;;;;;;;;;;;;;;;;;;
2026/03/03;0800 UTC;;;;;;;;;;;;;;;;;;
2026/03/03;0900 UTC;;;;;;;;;;;;;;;;;;
2026/03/03;1000 UTC;;;;;;;;;;;;;;;;;;
2026/03/03;1100 UTC;;;;;;;;;;;;;;;;;;
2026/03/03;1200 UTC;;;;;;;;;;;;;;;;;;
2026/03/03;1300 UTC;;;;;;;;;;;;;;;;;;
2026/03/03;1400 UTC;;;;;;;;;;;;;;;;;;
2026/03/03;1500 UTC;;;;;;;;;;;;;;;;;;
2026/03/03;1600 UTC;;;;;;;;;;;;;;;;;;
2026/03/03;1700 UTC;;;;;;;;;;;;;;;;;;
2026/03/03;1800 UTC;;;;;;;;;;;;;;;;;;
2026/03/03;1900 UTC;;;;;;;;;;;;;;;;;;
2026/03/03;2000 UTC;;;;;;;;;;;;;;;;;;
2026/03/03;2100 UTC;;;;;;;;;;;;;;;;;;
2026/03/03;2200 UTC;;;;;;;;;;;;;;;;;;
2026/03/03;2300 UTC;;;;;;;;;;;;;;;;;;
2026/03/04;0000 UTC;;;;;;;;;;;;;;;;;;
2026/03/04;0100 UTC;;;;;;;;;;;;;;;;;;
2026/03/04;0200 UTC;;;;;;;;;;;;;;;;;;
2026/03/04;0300 UTC;;;;;;;;;;;;;;;;;;
2026/03/04;0400 UTC;;;;;;;;;;;;;;;;;;
2026/03/04;0500 UTC;;;;;;;;;;;;;;;;;;
2026/03/04;0600 UTC;;;;;;;;;;;;;;;;;;
2026/03/04;0700 UTC;;;;;;;;;;;;;;;;;;
2026/03/04;0800 UTC;;;;;;;;;;;;;;;;;;
2026/03/04;0900 UTC;;;;;;;;;;;;;;;;;;
2026/03/04;1000 UTC;;;;;;;;;;;;;;;;;;
2026/03/04;1100 UTC;;;;;;;;;;;;;;;;;;
2026/03/04;1200 UTC;;;;;;;;;;;;;;;;;;
2026/03/04;1300 UTC;;;;;;;;;;;;;;;;;;
2026/03/04;1400 UTC;;;;;;;;;;;;;;;;;;
2026/03/04;1500 UTC;;;;;;;;;;;;;;;;;;
2026/03/04;1600 UTC;;;;;;;;;;;;;;;;;;
2026/03/04;1700 UTC;;;;;;;;;;;;;;;;;;
2026/03/04;1800 UTC;;;;;;;;;;;;;;;;;;
2026/03/04;1900 UTC;;;;;;;;;;;;;;;;;;
2026/03/04;2000 UTC;;;;;;;;;;;;;;;;;;
2026/03/04;2100 UTC;;;;;;;;;;;;;;;;;;
2026/03/04;2200 UTC;;;;;;;;;;;;;;;;;;
2026/03/04;2300 UTC;;;;;;;;;;;;;;;;;;
2026/03/05;0000 UTC;;;;;;;;;;;;;;;;;;
2026/03/05;0100 UTC;;;;;;;;;;;;;;;;;;
2026/03/05;0200 UTC;;;;;;;;;;;;;;;;;;
2026/03/05;0300 UTC;;;;;;;;;;;;;;;;;;
2026/03/05;0400 UTC;;;;;;;;;;;;;;;;;;
2026/03/05;0500 UTC;;;;;;;;;;;;;;;;;;
2026/03/05;0600 UTC;;;;;;;;;;;;;;;;;;
2026/03/05;0700 UTC;;;;;;;;;;;;;;;;;;
2026/03/05;0800 UTC;;;;;;;;;;;;;;;;;;
2026/03/05;0900 UTC;;;;;;;;;;;;;;;;;;
2026/03/05;1000 UTC;;;;;;;;;;;;;;;;;;
2026/03/05;1100 UTC;;;;;;;;;;;;;;;;;;
2026/03/05;1200 UTC;;;;;;;;;;;;;;;;;;
2026/03/05;1300 UTC;;;;;;;;;;;;;;;;;;
2026/03/05;1400 UTC;;;;;;;;;;;;;;;;;;
2026/03/05;1500 UTC;;;;;;;;;;;;;;;;;;
2026/03/05;1600 UTC;;;;;;;;;;;;;;;;;;
2026/03/05;1700 UTC;;;;;;;;;;;;;;;;;;
2026/03/05;1800 UTC;;;;;;;;;;;;;;;;;;
2026/03/05;1900 UTC;;;;;;;;;;;;;;;;;;
2026/03/05;2000 UTC;;;;;;;;;;;;;;;;;;
2026/03/05;2100 UTC;;;;;;;;;;;;;;;;;;
2026/03/05;2200 UTC;;;;;;;;;;;;;;;;;;
2026/03/05;2300 UTC;;;;;;;;;;;;;;;;;;
2026/03/06;0000 UTC;;;;;;;;;;;;;;;;;;
2026/03/06;0100 UTC;;;;;;;;;;;;;;;;;;
2026/03/06;0200 UTC;;;;;;;;;;;;;;;;;;
2026/03/06;0300 UTC;;;;;;;;;;;;;;;;;;
2026/03/06;0400 UTC;;;;;;;;;;;;;;;;;;
2026/03/06;0500 UTC;;;;;;;;;;;;;;;;;;
2026/03/06;0600 UTC;;;;;;;;;;;;;;;;;;
2026/03/06;0700 UTC;;;;;;;;;;;;;;;;;;
2026/03/06;0800 UTC;;;;;;;;;;;;;;;;;;
2026/03/06;0900 UTC;;;;;;;;;;;;;;;;;;
2026/03/06;1000 UTC;;;;;;;;;;;;;;;;;;
2026/03/06;1100 UTC;;;;;;;;;;;;;;;;;;
2026/03/06;1200 UTC;;;;;;;;;;;;;;;;;;
2026/03/06;1300 UTC;;;;;;;;;;;;;;;;;;
2026/03/06;1400 UTC;;;;;;;;;;;;;;;;;;
2026/03/06;1500 UTC;;;;;;;;;;;;;;;;;;
2026/03/06;1600 UTC;;;;;;;;;;;;;;;;;;
2026/03/06;1700 UTC;;;;;;;;;;;;;;;;;;
2026/03/06;1800 UTC;;;;;;;;;;;;;;;;;;
2026/03/06;1900 UTC;;;;;;;;;;;;;;;;;;
2026/03/06;2000 UTC;;;;;;;;;;;;;;;;;;
2026/03/06;2100 UTC;;;;;;;;;;;;;;;;;;
2026/03/06;2200 UTC;;;;;;;;;;;;;;;;;;
2026/03/06;2300 UTC;;;;;;;;;;;;;;;;;;
2026/03/07;0000 UTC;;;;;;;;;;;;;;;;;;
2026/03/07;0100 UTC;;;;;;;;;;;;;;;;;;
2026/03/07;0200 UTC;;;;;;;;;;;;;;;;;;
2026/03/07;0300 UTC;;;;;;;;;;;;;;;;;;
2026/03/07;0400 UTC;;;;;;;;;;;;;;;;;;
2026/03/07;0500 UTC;;;;;;;;;;;;;;;;;;
2026/03/07;0600 UTC;;;;;;;;;;;;;;;;;;
2026/03/07;0700 UTC;;;;;;;;;;;;;;;;;;
2026/03/07;0800 UTC;;;;;;;;;;;;;;;;;;
2026/03/07;0900 UTC;;;;;;;;;;;;;;;;;;
2026/03/07;1000 UTC;;;;;;;;;;;;;;;;;;
2026/03/07;1100 UTC;;;;;;;;;;;;;;;;;;
2026/03/07;1200 UTC;;;;;;;;;;;;;;;;;;
2026/03/07;1300 UTC;;;;;;;;;;;;;;;;;;
2026/03/07;1400 UTC;;;;;;;;;;;;;;;;;;
2026/03/07;1500 UTC;;;;;;;;;;;;;;;;;;
2026/03/07;1600 UTC;;;;;;;;;;;;;;;;;;
2026/03/07;1700 UTC;;;;;;;;;;;;;;;;;;
2026/03/07;1800 UTC;;;;;;;;;;;;;;;;;;
2026/03/07;1900 UTC;;;;;;;;;;;;;;;;;;
2026/03/07;2000 UTC;;;;;;;;;;;;;;;;;;
2026/03/07;2100 UTC;;;;;;;;;;;;;;;;;;
2026/03/07;2200 UTC;;;;;;;;;;;;;;;;;;
2026/03/07;2300 UTC;;;;;;;;;;;;;;;;;;
2026/03/08;0000 UTC;;;;;;;;;;;;;;;;;;
2026/03/08;0100 UTC;;;;;;;;;;;;;;;;;;
2026/03/08;0200 UTC;;;;;;;;;;;;;;;;;;
2026/03/08;0300 UTC;;;;;;;;;;;;;;;;;;
2026/03/08;0400 UTC;;;;;;;;;;;;;;;;;;
2026/03/08;0500 UTC;;;;;;;;;;;;;;;;;;
2026/03/08;0600 UTC;;;;;;;;;;;;;;;;;;
2026/03/08;0700 UTC;;;;;;;;;;;;;;;;;;
2026/03/08;0800 UTC;;;;;;;;;;;;;;;;;;
2026/03/08;0900 UTC;;;;;;;;;;;;;;;;;;
2026/03/08;1000 UTC;;;;;;;;;;;;;;;;;;
2026/03/08;1100 UTC;;;;;;;;;;;;;;;;;;
2026/03/08;1200 UTC;;;;;;;;;;;;;;;;;;
2026/03/08;1300 UTC;;;;;;;;;;;;;;;;;;
2026/03/08;1400 UTC;;;;;;;;;;;;;;;;;;
2026/03/08;1500 UTC;;;;;;;;;;;;;;;;;;
2026/03/08;1600 UTC;;;;;;;;;;;;;;;;;;
2026/03/08;1700 UTC;;;;;;;;;;;;;;;;;;
2026/03/08;1800 UTC;;;;;;;;;;;;;;;;;;
2026/03/08;1900 UTC;;;;;;;;;;;;;;;;;;
2026/03/08;2000 UTC;;;;;;;;;;;;;;;;;;
2026/03/08;2100 UTC;;;;;;;;;;;;;;;;;;
2026/03/08;2200 UTC;;;;;;;;;;;;;;;;;;
2026/03/08;2300 UTC;;;;;;;;;;;;;;;;;;
2026/03/09;0000 UTC;;;;;;;;;;;;;;;;;;
2026/03/09;0100 UTC;;;;;;;;;;;;;;;;;;
2026/03/09;0200 UTC;;;;;;;;;;;;;;;;;;
2026/03/09;0300 UTC;;;;;;;;;;;;;;;;;;
2026/03/09;0400 UTC;;;;;;;;;;;;;;;;;;
2026/03/09;0500 UTC;;;;;;;;;;;;;;;;;;
2026/03/09;0600 UTC;;;;;;;;;;;;;;;;;;
2026/03/09;0700 UTC;;;;;;;;;;;;;;;;;;
2026/03/09;0800 UTC;;;;;;;;;;;;;;;;;;
2026/03/09;0900 UTC;;;;;;;;;;;;;;;;;;
2026/03/09;1000 UTC;;;;;;;;;;;;;;;;;;
2026/03/09;1100 UTC;;;;;;;;;;;;;;;;;;
2026/03/09;1200 UTC;;;;;;;;;;;;;;;;;;
2026/03/09;1300 UTC;;;;;;;;;;;;;;;;;;
2026/03/09;1400 UTC;;;;;;;;;;;;;;;;;;
2026/03/09;1500 UTC;;;;;;;;;;;;;;;;;;
2026/03/09;1600 UTC;;;;;;;;;;;;;;;;;;
2026/03/09;1700 UTC;;;;;;;;;;;;;;;;;;
2026/03/09;1800 UTC;;;;;;;;;;;;;;;;;;
2026/03/09;1900 UTC;;;;;;;;;;;;;;;;;;
2026/03/09;2000 UTC;;;;;;;;;;;;;;;;;;
2026/03/09;2100 UTC;;;;;;;;;;;;;;;;;;
2026/03/09;2200 UTC;;;;;;;;;;;;;;;;;;
2026/03/09;2300 UTC;;;;;;;;;;;;;;;;;;
2026/03/10;0000 UTC;;;;;;;;;;;;;;;;;;
2026/03/10;0100 UTC;;;;;;;;;;;;;;;;;;
2026/03/10;0200 UTC;;;;;;;;;;;;;;;;;;
2026/03/10;0300 UTC;;;;;;;;;;;;;;;;;;
2026/03/10;0400 UTC;;;;;;;;;;;;;;;;;;
2026/03/10;0500 UTC;;;;;;;;;;;;;;;;;;
2026/03/10;0600 UTC;;;;;;;;;;;;;;;;;;
2026/03/10;0700 UTC;;;;;;;;;;;;;;;;;;
2026/03/10;0800 UTC;;;;;;;;;;;;;;;;;;
2026/03/10;0900 UTC;;;;;;;;;;;;;;;;;;
2026/03/10;1000 UTC;;;;;;;;;;;;;;;;;;
2026/03/10;1100 UTC;;;;;;;;;;;;;;;;;;
2026/03/10;1200 UTC;;;;;;;;;;;;;;;;;;
2026/03/10;1300 UTC;;;;;;;;;;;;;;;;;;
2026/03/10;1400 UTC;;;;;;;;;;;;;;;;;;
2026/03/10;1500 UTC;;;;;;;;;;;;;;;;;;
2026/03/10;1600 UTC;;;;;;;;;;;;;;;;;;
2026/03/10;1700 UTC;;;;;;;;;;;;;;;;;;
2026/03/10;1800 UTC;;;;;;;;;;;;;;;;;;
2026/03/10;1900 UTC;;;;;;;;;;;;;;;;;;
2026/03/10;2000 UTC;;;;;;;;;;;;;;;;;;
2026/03/10;2100 UTC;;;;;;;;;;;;;;;;;;
2026/03/10;2200 UTC;;;;;;;;;;;;;;;;;;
2026/03/10;2300 UTC;;;;;;;;;;;;;;;;;;
2026/03/11;0000 UTC;;;;;;;;;;;;;;;;;;
2026/03/11;0100 UTC;;;;;;;;;;;;;;;;;;
2026/03/11;0200 UTC;;;;;;;;;;;;;;;;;;
2026/03/11;0300 UTC;;;;;;;;;;;;;;;;;;
2026/03/11;0400 UTC;;;;;;;;;;;;;;;;;;
2026/03/11;0500 UTC;;;;;;;;;;;;;;;;;;
2026/03/11;0600 UTC;;;;;;;;;;;;;;;;;;
2026/03/11;0700 UTC;;;;;;;;;;;;;;;;;;
2026/03/11;0800 UTC;;;;;;;;;;;;;;;;;;
2026/03/11;0900 UTC;;;;;;;;;;;;;;;;;;
2026/03/11;1000 UTC;;;;;;;;;;;;;;;;;;
2026/03/11;1100 UTC;;;;;;;;;;;;;;;;;;
2026/03/11;1200 UTC;;;;;;;;;;;;;;;;;;
2026/03/11;1300 UTC;;;;;;;;;;;;;;;;;;
2026/03/11;1400 UTC;;;;;;;;;;;;;;;;;;
2026/03/11;1500 UTC;;;;;;;;;;;;;;;;;;
2026/03/11;1600 UTC;;;;;;;;;;;;;;;;;;
2026/03/11;1700 UTC;;;;;;;;;;;;;;;;;;
2026/03/11;1800 UTC;;;;;;;;;;;;;;;;;;
2026/03/11;1900 UTC;;;;;;;;;;;;;;;;;;
2026/03/11;2000 UTC;;;;;;;;;;;;;;;;;;
2026/03/11;2100 UTC;;;;;;;;;;;;;;;;;;
2026/03/11;2200 UTC;;;;;;;;;;;;;;;;;;
2026/03/11;2300 UTC;;;;;;;;;;;;;;;;;;
2026/03/12;0000 UTC;;;;;;;;;;;;;;;;;;
2026/03/12;0100 UTC;;;;;;;;;;;;;;;;;;
2026/03/12;0200 UTC;;;;;;;;;;;;;;;;;;
2026/03/12;0300 UTC;;;;;;;;;;;;;;;;;;
2026/03/12;0400 UTC;;;;;;;;;;;;;;;;;;
2026/03/12;0500 UTC;;;;;;;;;;;;;;;;;;
2026/03/12;0600 UTC;;;;;;;;;;;;;;;;;;
2026/03/12;0700 UTC;;;;;;;;;;;;;;;;;;
2026/03/12;0800 UTC;;;;;;;;;;;;;;;;;;
2026/03/12;0900 UTC;;;;;;;;;;;;;;;;;;
2026/03/12;1000 UTC;;;;;;;;;;;;;;;;;;
2026/03/12;1100 UTC;;;;;;;;;;;;;;;;;;
2026/03/12;1200 UTC;;;;;;;;;;;;;;;;;;
2026/03/12;1300 UTC;;;;;;;;;;;;;;;;;;
2026/03/12;1400 UTC;;;;;;;;;;;;;;;;;;
2026/03/12;1500 UTC;;;;;;;;;;;;;;;;;;
2026/03/12;1600 UTC;;;;;;;;;;;;;;;;;;
2026/03/12;1700 UTC;;;;;;;;;;;;;;;;;;
2026/03/12;1800 UTC;;;;;;;;;;;;;;;;;;
2026/03/12;1900 UTC;;;;;;;;;;;;;;;;;;
2026/03/12;2000 UTC;;;;;;;;;;;;;;;;;;
2026/03/12;2100 UTC;;;;;;;;;;;;;;;;;;
2026/03/12;2200 UTC;;;;;;;;;;;;;;;;;;
2026/03/12;2300 UTC;;;;;;;;;;;;;;;;;;
2026/03/13;0000 UTC;;;;;;;;;;;;;;;;;;
2026/03/13;0100 UTC;;;;;;;;;;;;;;;;;;
2026/03/13;0200 UTC;;;;;;;;;;;;;;;;;;
2026/03/13;0300 UTC;;;;;;;;;;;;;;;;;;
2026/03/13;0400 UTC;;;;;;;;;;;;;;;;;;
2026/03/13;0500 UTC;;;;;;;;;;;;;;;;;;
2026/03/13;0600 UTC;;;;;;;;;;;;;;;;;;
2026/03/13;0700 UTC;;;;;;;;;;;;;;;;;;
2026/03/13;0800 UTC;;;;;;;;;;;;;;;;;;
2026/03/13;0900 UTC;;;;;;;;;;;;;;;;;;
2026/03/13;1000 UTC;;;;;;;;;;;;;;;;;;
2026/03/13;1100 UTC;;;;;;;;;;;;;;;;;;
2026/03/13;1200 UTC;;;;;;;;;;;;;;;;;;
2026/03/13;1300 UTC;;;;;;;;;;;;;;;;;;
2026/03/13;1400 UTC;;;;;;;;;;;;;;;;;;
2026/03/13;1500 UTC;;;;;;;;;;;;;;;;;;
2026/03/13;1600 UTC;;;;;;;;;;;;;;;;;;
2026/03/13;1700 UTC;;;;;;;;;;;;;;;;;;
2026/03/13;1800 UTC;;;;;;;;;;;;;;;;;;
2026/03/13;1900 UTC;;;;;;;;;;;;;;;;;;
2026/03/13;2000 UTC;;;;;;;;;;;;;;;;;;
2026/03/13;2100 UTC;;;;;;;;;;;;;;;;;;
2026/03/13;2200 UTC;;;;;;;;;;;;;;;;;;
2026/03/13;2300 UTC;;;;;;;;;;;;;;;;;;
2026/03/14;0000 UTC;;;;;;;;;;;;;;;;;;
2026/03/14;0100 UTC;;;;;;;;;;;;;;;;;;
2026/03/14;0200 UTC;;;;;;;;;;;;;;;;;;
2026/03/14;0300 UTC;;;;;;;;;;;;;;;;;;
2026/03/14;0400 UTC;;;;;;;;;;;;;;;;;;
2026/03/14;0500 UTC;;;;;;;;;;;;;;;;;;
2026/03/14;0600 UTC;;;;;;;;;;;;;;;;;;
2026/03/14;0700 UTC;;;;;;;;;;;;;;;;;;
2026/03/14;0800 UTC;;;;;;;;;;;;;;;;;;
2026/03/14;0900 UTC;;;;;;;;;;;;;;;;;;
2026/03/14;1000 UTC;;;;;;;;;;;;;;;;;;
2026/03/14;1100 UTC;;;;;;;;;;;;;;;;;;
2026/03/14;1200 UTC;;;;;;;;;;;;;;;;;;
2026/03/14;1300 UTC;;;;;;;;;;;;;;;;;;
2026/03/14;1400 UTC;;;;;;;;;;;;;;;;;;
2026/03/14;1500 UTC;;;;;;;;;;;;;;;;;;
2026/03/14;1600 UTC;;;;;;;;;;;;;;;;;;
2026/03/14;1700 UTC;;;;;;;;;;;;;;;;;;
2026/03/14;1800 UTC;;;;;;;;;;;;;;;;;;
2026/03/14;1900 UTC;;;;;;;;;;;;;;;;;;
2026/03/14;2000 UTC;;;;;;;;;;;;;;;;;;
2026/03/14;2100 UTC;;;;;;;;;;;;;;;;;;
2026/03/14;2200 UTC;;;;;;;;;;;;;;;;;;
2026/03/14;2300 UTC;;;;;;;;;;;;;;;;;;
2026/03/15;0000 UTC;;;;;;;;;;;;;;;;;;
2026/03/15;0100 UTC;;;;;;;;;;;;;;;;;;
2026/03/15;0200 UTC;;;;;;;;;;;;;;;;;;
2026/03/15;0300 UTC;;;;;;;;;;;;;;;;;;
2026/03/15;0400 UTC;;;;;;;;;;;;;;;;;;
2026/03/15;0500 UTC;;;;;;;;;;;;;;;;;;
2026/03/15;0600 UTC;;;;;;;;;;;;;;;;;;
2026/03/15;0700 UTC;;;;;;;;;;;;;;;;;;
2026/03/15;0800 UTC;;;;;;;;;;;;;;;;;;
2026/03/15;0900 UTC;;;;;;;;;;;;;;;;;;
2026/03/15;1000 UTC;;;;;;;;;;;;;;;;;;
2026/03/15;1100 UTC;;;;;;;;;;;;;;;;;;
2026/03/15;1200 UTC;;;;;;;;;;;;;;;;;;
2026/03/15;1300 UTC;;;;;;;;;;;;;;;;;;
2026/03/15;1400 UTC;;;;;;;;;;;;;;;;;;
2026/03/15;1500 UTC;;;;;;;;;;;;;;;;;;
2026/03/15;1600 UTC;;;;;;;;;;;;;;;;;;
2026/03/15;1700 UTC;;;;;;;;;;;;;;;;;;
2026/03/15;1800 UTC;;;;;;;;;;;;;;;;;;
2026/03/15;1900 UTC;;;;;;;;;;;;;;;;;;
2026/03/15;2000 UTC;;;;;;;;;;;;;;;;;;
2026/03/15;2100 UTC;;;;;;;;;;;;;;;;;;
2026/03/15;2200 UTC;;;;;;;;;;;;;;;;;;
2026/03/15;2300 UTC;;;;;;;;;;;;;;;;;;
2026/03/16;0000 UTC;;;;;;;;;;;;;;;;;;
2026/03/16;0100 UTC;;;;;;;;;;;;;;;;;;
2026/03/16;0200 UTC;;;;;;;;;;;;;;;;;;
2026/03/16;0300 UTC;;;;;;;;;;;;;;;;;;
2026/03/16;0400 UTC;;;;;;;;;;;;;;;;;;
2026/03/16;0500 UTC;;;;;;;;;;;;;;;;;;
2026/03/16;0600 UTC;;;;;;;;;;;;;;;;;;
2026/03/16;0700 UTC;;;;;;;;;;;;;;;;;;
2026/03/16;0800 UTC;;;;;;;;;;;;;;;;;;
2026/03/16;0900 UTC;;;;;;;;;;;;;;;;;;
2026/03/16;1000 UTC;;;;;;;;;;;;;;;;;;
2026/03/16;1100 UTC;;;;;;;;;;;;;;;;;;
2026/03/16;1200 UTC;;;;;;;;;;;;;;;;;;
2026/03/16;1300 UTC;;;;;;;;;;;;;;;;;;
2026/03/16;1400 UTC;;;;;;;;;;;;;;;;;;
2026/03/16;1500 UTC;;;;;;;;;;;;;;;;;;
2026/03/16;1600 UTC;;;;;;;;;;;;;;;;;;
2026/03/16;1700 UTC;;;;;;;;;;;;;;;;;;
2026/03/16;1800 UTC;;;;;;;;;;;;;;;;;;
2026/03/16;1900 UTC;;;;;;;;;;;;;;;;;;
2026/03/16;2000 UTC;;;;;;;;;;;;;;;;;;
2026/03/16;2100 UTC;;;;;;;;;;;;;;;;;;
2026/03/16;2200 UTC;;;;;;;;;;;;;;;;;;
2026/03/16;2300 UTC;;;;;;;;;;;;;;;;;;
2026/03/17;0000 UTC;;;;;;;;;;;;;;;;;;
2026/03/17;0100 UTC;;;;;;;;;;;;;;;;;;
2026/03/17;0200 UTC;;;;;;;;;;;;;;;;;;
2026/03/17;0300 UTC;;;;;;;;;;;;;;;;;;
2026/03/17;0400 UTC;;;;;;;;;;;;;;;;;;
2026/03/17;0500 UTC;;;;;;;;;;;;;;;;;;
2026/03/17;0600 UTC;;;;;;;;;;;;;;;;;;
2026/03/17;0700 UTC;;;;;;;;;;;;;;;;;;
2026/03/17;0800 UTC;;;;;;;;;;;;;;;;;;
2026/03/17;0900 UTC;;;;;;;;;;;;;;;;;;
2026/03/17;1000 UTC;;;;;;;;;;;;;;;;;;
2026/03/17;1100 UTC;;;;;;;;;;;;;;;;;;
2026/03/17;1200 UTC;;;;;;;;;;;;;;;;;;
2026/03/17;1300 UTC;;;;;;;;;;;;;;;;;;
2026/03/17;1400 UTC;;;;;;;;;;;;;;;;;;
2026/03/17;1500 UTC;;;;;;;;;;;;;;;;;;
2026/03/17;1600 UTC;;;;;;;;;;;;;;;;;;
2026/03/17;1700 UTC;;;;;;;;;;;;;;;;;;
2026/03/17;1800 UTC;;;;;;;;;;;;;;;;;;
2026/03/17;1900 UTC;;;;;;;;;;;;;;;;;;
2026/03/17;2000 UTC;;;;;;;;;;;;;;;;;;
2026/03/17;2100 UTC;;;;;;;;;;;;;;;;;;
2026/03/17;2200 UTC;;;;;;;;;;;;;;;;;;
2026/03/17;2300 UTC;;;;;;;;;;;;;;;;;;
2026/03/18;0000 UTC;;;;;;;;;;;;;;;;;;
2026/03/18;0100 UTC;;;;;;;;;;;;;;;;;;
2026/03/18;0200 UTC;;;;;;;;;;;;;;;;;;
2026/03/18;0300 UTC;;;;;;;;;;;;;;;;;;
2026/03/18;0400 UTC;;;;;;;;;;;;;;;;;;
2026/03/18;0500 UTC;;;;;;;;;;;;;;;;;;
2026/03/18;0600 UTC;;;;;;;;;;;;;;;;;;
2026/03/18;0700 UTC;;;;;;;;;;;;;;;;;;
2026/03/18;0800 UTC;;;;;;;;;;;;;;;;;;
2026/03/18;0900 UTC;;;;;;;;;;;;;;;;;;
2026/03/18;1000 UTC;;;;;;;;;;;;;;;;;;
2026/03/18;1100 UTC;;;;;;;;;;;;;;;;;;
2026/03/18;1200 UTC;;;;;;;;;;;;;;;;;;
2026/03/18;1300 UTC;;;;;;;;;;;;;;;;;;
2026/03/18;1400 UTC;;;;;;;;;;;;;;;;;;
2026/03/18;1500 UTC;;;;;;;;;;;;;;;;;;
2026/03/18;1600 UTC;;;;;;;;;;;;;;;;;;
2026/03/18;1700 UTC;;;;;;;;;;;;;;;;;;
2026/03/18;1800 UTC;;;;;;;;;;;;;;;;;;
2026/03/18;1900 UTC;;;;;;;;;;;;;;;;;;
2026/03/18;2000 UTC;;;;;;;;;;;;;;;;;;
2026/03/18;2100 UTC;;;;;;;;;;;;;;;;;;
2026/03/18;2200 UTC;;;;;;;;;;;;;;;;;;
2026/03/18;2300 UTC;;;;;;;;;;;;;;;;;;
2026/03/19;0000 UTC;;;;;;;;;;;;;;;;;;
2026/03/19;0100 UTC;;;;;;;;;;;;;;;;;;
2026/03/19;0200 UTC;;;;;;;;;;;;;;;;;;
2026/03/19;0300 UTC;;;;;;;;;;;;;;;;;;
2026/03/19;0400 UTC;;;;;;;;;;;;;;;;;;
2026/03/19;0500 UTC;;;;;;;;;;;;;;;;;;
2026/03/19;0600 UTC;;;;;;;;;;;;;;;;;;
2026/03/19;0700 UTC;;;;;;;;;;;;;;;;;;
2026/03/19;0800 UTC;;;;;;;;;;;;;;;;;;
2026/03/19;0900 UTC;;;;;;;;;;;;;;;;;;
2026/03/19;1000 UTC;;;;;;;;;;;;;;;;;;
2026/03/19;1100 UTC;;;;;;;;;;;;;;;;;;
2026/03/19;1200 UTC;;;;;;;;;;;;;;;;;;
2026/03/19;1300 UTC;;;;;;;;;;;;;;;;;;
2026/03/19;1400 UTC;;;;;;;;;;;;;;;;;;
2026/03/19;1500 UTC;;;;;;;;;;;;;;;;;;
2026/03/19;1600 UTC;;;;;;;;;;;;;;;;;;
2026/03/19;1700 UTC;;;;;;;;;;;;;;;;;;
2026/03/19;1800 UTC;;;;;;;;;;;;;;;;;;
2026/03/19;1900 UTC;;;;;;;;;;;;;;;;;;
2026/03/19;2000 UTC;;;;;;;;;;;;;;;;;;
2026/03/19;2100 UTC;;;;;;;;;;;;;;;;;;
2026/03/19;2200 UTC;;;;;;;;;;;;;;;;;;
2026/03/19;2300 UTC;;;;;;;;;;;;;;;;;;
2026/03/20;0000 UTC;;;;;;;;;;;;;;;;;;
2026/03/20;0100 UTC;;;;;;;;;;;;;;;;;;
2026/03/20;0200 UTC;;;;;;;;;;;;;;;;;;
2026/03/20;0300 UTC;;;;;;;;;;;;;;;;;;
2026/03/20;0400 UTC;;;;;;;;;;;;;;;;;;
2026/03/20;0500 UTC;;;;;;;;;;;;;;;;;;
2026/03/20;0600 UTC;;;;;;;;;;;;;;;;;;
2026/03/20;0700 UTC;;;;;;;;;;;;;;;;;;
2026/03/20;0800 UTC;;;;;;;;;;;;;;;;;;
2026/03/20;0900 UTC;;;;;;;;;;;;;;;;;;
2026/03/20;1000 UTC;;;;;;;;;;;;;;;;;;
2026/03/20;1100 UTC;;;;;;;;;;;;;;;;;;
2026/03/20;1200 UTC;;;;;;;;;;;;;;;;;;
2026/03/20;1300 UTC;;;;;;;;;;;;;;;;;;
2026/03/20;1400 UTC;;;;;;;;;;;;;;;;;;
2026/03/20;1500 UTC;;;;;;;;;;;;;;;;;;
2026/03/20;1600 UTC;;;;;;;;;;;;;;;;;;
2026/03/20;1700 UTC;;;;;;;;;;;;;;;;;;
2026/03/20;1800 UTC;;;;;;;;;;;;;;;;;;
2026/03/20;1900 UTC;;;;;;;;;;;;;;;;;;
2026/03/20;2000 UTC;;;;;;;;;;;;;;;;;;
2026/03/20;2100 UTC;;;;;;;;;;;;;;;;;;
2026/03/20;2200 UTC;;;;;;;;;;;;;;;;;;
2026/03/20;2300 UTC;;;;;;;;;;;;;;;;;;
2026/03/21;0000 UTC;;;;;;;;;;;;;;;;;;
2026/03/21;0100 UTC;;;;;;;;;;;;;;;;;;
2026/03/21;0200 UTC;;;;;;;;;;;;;;;;;;
2026/03/21;0300 UTC;;;;;;;;;;;;;;;;;;
2026/03/21;0400 UTC;;;;;;;;;;;;;;;;;;
2026/03/21;0500 UTC;;;;;;;;;;;;;;;;;;
2026/03/21;0600 UTC;;;;;;;;;;;;;;;;;;
2026/03/21;0700 UTC;;;;;;;;;;;;;;;;;;
2026/03/21;0800 UTC;;;;;;;;;;;;;;;;;;
2026/03/21;0900 UTC;;;;;;;;;;;;;;;;;;
2026/03/21;1000 UTC;;;;;;;;;;;;;;;;;;
2026/03/21;1100 UTC;;;;;;;;;;;;;;;;;;
2026/03/21;1200 UTC;;;;;;;;;;;;;;;;;;
2026/03/21;1300 UTC;;;;;;;;;;;;;;;;;;
2026/03/21;1400 UTC;;;;;;;;;;;;;;;;;;
2026/03/21;1500 UTC;;;;;;;;;;;;;;;;;;
2026/03/21;1600 UTC;;;;;;;;;;;;;;;;;;
2026/03/21;1700 UTC;;;;;;;;;;;;;;;;;;
2026/03/21;1800 UTC;;;;;;;;;;;;;;;;;;
2026/03/21;1900 UTC;;;;;;;;;;;;;;;;;;
2026/03/21;2000 UTC;;;;;;;;;;;;;;;;;;
2026/03/21;2100 UTC;;;;;;;;;;;;;;;;;;
2026/03/21;2200 UTC;;;;;;;;;;;;;;;;;;
2026/03/21;2300 UTC;;;;;;;;;;;;;;;;;;
2026/03/22;0000 UTC;;;;;;;;;;;;;;;;;;
2026/03/22;0100 UTC;;;;;;;;;;;;;;;;;;
2026/03/22;0200 UTC;;;;;;;;;;;;;;;;;;
2026/03/22;0300 UTC;;;;;;;;;;;;;;;;;;
2026/03/22;0400 UTC;;;;;;;;;;;;;;;;;;
2026/03/22;0500 UTC;;;;;;;;;;;;;;;;;;
2026/03/22;0600 UTC;;;;;;;;;;;;;;;;;;
2026/03/22;0700 UTC;;;;;;;;;;;;;;;;;;
2026/03/22;0800 UTC;;;;;;;;;;;;;;;;;;
2026/03/22;0900 UTC;;;;;;;;;;;;;;;;;;
2026/03/22;1000 UTC;;;;;;;;;;;;;;;;;;
2026/03/22;1100 UTC;;;;;;;;;;;;;;;;;;
2026/03/22;1200 UTC;;;;;;;;;;;;;;;;;;
2026/03/22;1300 UTC;;;;;;;;;;;;;;;;;;
2026/03/22;1400 UTC;;;;;;;;;;;;;;;;;;
2026/03/22;1500 UTC;;;;;;;;;;;;;;;;;;
2026/03/22;1600 UTC;;;;;;;;;;;;;;;;;;
2026/03/22;1700 UTC;;;;;;;;;;;;;;;;;;
2026/03/22;1800 UTC;;;;;;;;;;;;;;;;;;
2026/03/22;1900 UTC;;;;;;;;;;;;;;;;;;
2026/03/22;2000 UTC;;;;;;;;;;;;;;;;;;
2026/03/22;2100 UTC;;;;;;;;;;;;;;;;;;
2026/03/22;2200 UTC;;;;;;;;;;;;;;;;;;
2026/03/22;2300 UTC;;;;;;;;;;;;;;;;;;
2026/03/23;0000 UTC;;;;;;;;;;;;;;;;;;
2026/03/23;0100 UTC;;;;;;;;;;;;;;;;;;
2026/03/23;0200 UTC;;;;;;;;;;;;;;;;;;
2026/03/23;0300 UTC;;;;;;;;;;;;;;;;;;
2026/03/23;0400 UTC;;;;;;;;;;;;;;;;;;
2026/03/23;0500 UTC;;;;;;;;;;;;;;;;;;
2026/03/23;0600 UTC;;;;;;;;;;;;;;;;;;
2026/03/23;0700 UTC;;;;;;;;;;;;;;;;;;
2026/03/23;0800 UTC;;;;;;;;;;;;;;;;;;
2026/03/23;0900 UTC;;;;;;;;;;;;;;;;;;
2026/03/23;1000 UTC;;;;;;;;;;;;;;;;;;
2026/03/23;1100 UTC;;;;;;;;;;;;;;;;;;
2026/03/23;1200 UTC;;;;;;;;;;;;;;;;;;
2026/03/23;1300 UTC;;;;;;;;;;;;;;;;;;
2026/03/23;1400 UTC;;;;;;;;;;;;;;;;;;
2026/03/23;1500 UTC;;;;;;;;;;;;;;;;;;
2026/03/23;1600 UTC;;;;;;;;;;;;;;;;;;
2026/03/23;1700 UTC;;;;;;;;;;;;;;;;;;
2026/03/23;1800 UTC;;;;;;;;;;;;;;;;;;
2026/03/23;1900 UTC;;;;;;;;;;;;;;;;;;
2026/03/23;2000 UTC;;;;;;;;;;;;;;;;;;
2026/03/23;2100 UTC;;;;;;;;;;;;;;;;;;
2026/03/23;2200 UTC;;;;;;;;;;;;;;;;;;
2026/03/23;2300 UTC;;;;;;;;;;;;;;;;;;
2026/03/24;0000 UTC;;;;;;;;;;;;;;;;;;
2026/03/24;0100 UTC;;;;;;;;;;;;;;;;;;
2026/03/24;0200 UTC;;;;;;;;;;;;;;;;;;
2026/03/24;0300 UTC;;;;;;;;;;;;;;;;;;
2026/03/24;0400 UTC;;;;;;;;;;;;;;;;;;
2026/03/24;0500 UTC;;;;;;;;;;;;;;;;;;
2026/03/24;0600 UTC;;;;;;;;;;;;;;;;;;
2026/03/24;0700 UTC;;;;;;;;;;;;;;;;;;
2026/03/24;0800 UTC;;;;;;;;;;;;;;;;;;
2026/03/24;0900 UTC;;;;;;;;;;;;;;;;;;
2026/03/24;1000 UTC;;;;;;;;;;;;;;;;;;
2026/03/24;1100 UTC;;;;;;;;;;;;;;;;;;
2026/03/24;1200 UTC;;;;;;;;;;;;;;;;;;
2026/03/24;1300 UTC;;;;;;;;;;;;;;;;;;
2026/03/24;1400 UTC;;;;;;;;;;;;;;;;;;
2026/03/24;1500 UTC;;;;;;;;;;;;;;;;;;
2026/03/24;1600 UTC;;;;;;;;;;;;;;;;;;
2026/03/24;1700 UTC;;;;;;;;;;;;;;;;;;
2026/03/24;1800 UTC;;;;;;;;;;;;;;;;;;
2026/03/24;1900 UTC;;;;;;;;;;;;;;;;;;
2026/03/24;2000 UTC;;;;;;;;;;;;;;;;;;
2026/03/24;2100 UTC;;;;;;;;;;;;;;;;;;
2026/03/24;2200 UTC;;;;;;;;;;;;;;;;;;
2026/03/24;2300 UTC;;;;;;;;;;;;;;;;;;
2026/03/25;0000 UTC;;;;;;;;;;;;;;;;;;
2026/03/25;0100 UTC;;;;;;;;;;;;;;;;;;
2026/03/25;0200 UTC;;;;;;;;;;;;;;;;;;
2026/03/25;0300 UTC;;;;;;;;;;;;;;;;;;
2026/03/25;0400 UTC;;;;;;;;;;;;;;;;;;
2026/03/25;0500 UTC;;;;;;;;;;;;;;;;;;
2026/03/25;0600 UTC;;;;;;;;;;;;;;;;;;
2026/03/25;0700 UTC;;;;;;;;;;;;;;;;;;
2026/03/25;0800 UTC;;;;;;;;;;;;;;;;;;
2026/03/25;0900 UTC;;;;;;;;;;;;;;;;;;
2026/03/25;1000 UTC;;;;;;;;;;;;;;;;;;
2026/03/25;1100 UTC;;;;;;;;;;;;;;;;;;
2026/03/25;1200 UTC;;;;;;;;;;;;;;;;;;
2026/03/25;1300 UTC;;;;;;;;;;;;;;;;;;
2026/03/25;1400 UTC;;;;;;;;;;;;;;;;;;
2026/03/25;1500 UTC;;;;;;;;;;;;;;;;;;
2026/03/25;1600 UTC;;;;;;;;;;;;;;;;;;
2026/03/25;1700 UTC;;;;;;;;;;;;;;;;;;
2026/03/25;1800 UTC;;;;;;;;;;;;;;;;;;
2026/03/25;1900 UTC;;;;;;;;;;;;;;;;;;
2026/03/25;2000 UTC;;;;;;;;;;;;;;;;;;
2026/03/25;2100 UTC;;;;;;;;;;;;;;;;;;
2026/03/25;2200 UTC;;;;;;;;;;;;;;;;;;
2026/03/25;2300 UTC;;;;;;;;;;;;;;;;;;
2026/03/26;0000 UTC;;;;;;;;;;;;;;;;;;
2026/03/26;0100 UTC;;;;;;;;;;;;;;;;;;
2026/03/26;0200 UTC;;;;;;;;;;;;;;;;;;
2026/03/26;0300 UTC;;;;;;;;;;;;;;;;;;
2026/03/26;0400 UTC;;;;;;;;;;;;;;;;;;
2026/03/26;0500 UTC;;;;;;;;;;;;;;;;;;
2026/03/26;0600 UTC;;;;;;;;;;;;;;;;;;
2026/03/26;0700 UTC;;;;;;;;;;;;;;;;;;
2026/03/26;0800 UTC;;;;;;;;;;;;;;;;;;
2026/03/26;0900 UTC;;;;;;;;;;;;;;;;;;
2026/03/26;1000 UTC;;;;;;;;;;;;;;;;;;
2026/03/26;1100 UTC;;;;;;;;;;;;;;;;;;
2026/03/26;1200 UTC;;;;;;;;;;;;;;;;;;
2026/03/26;1300 UTC;;;;;;;;;;;;;;;;;;
2026/03/26;1400 UTC;;;;;;;;;;;;;;;;;;
2026/03/26;1500 UTC;;;;;;;;;;;;;;;;;;
2026/03/26;1600 UTC;;;;;;;;;;;;;;;;;;
2026/03/26;1700 UTC;;;;;;;;;;;;;;;;;;
2026/03/26;1800 UTC;;;;;;;;;;;;;;;;;;
2026/03/26;1900 UTC;;;;;;;;;;;;;;;;;;
2026/03/26;2000 UTC;;;;;;;;;;;;;;;;;;
2026/03/26;2100 UTC;;;;;;;;;;;;;;;;;;
2026/03/26;2200 UTC;;;;;;;;;;;;;;;;;;
2026/03/26;2300 UTC;;;;;;;;;;;;;;;;;;
2026/03/27;0000 UTC;;;;;;;;;;;;;;;;;;
2026/03/27;0100 UTC;;;;;;;;;;;;;;;;;;
2026/03/27;0200 UTC;;;;;;;;;;;;;;;;;;
2026/03/27;0300 UTC;;;;;;;;;;;;;;;;;;
2026/03/27;0400 UTC;;;;;;;;;;;;;;;;;;
2026/03/27;0500 UTC;;;;;;;;;;;;;;;;;;
2026/03/27;0600 UTC;;;;;;;;;;;;;;;;;;
2026/03/27;0700 UTC;;;;;;;;;;;;;;;;;;
2026/03/27;0800 UTC;;;;;;;;;;;;;;;;;;
2026/03/27;0900 UTC;;;;;;;;;;;;;;;;;;
2026/03/27;1000 UTC;;;;;;;;;;;;;;;;;;
2026/03/27;1100 UTC;;;;;;;;;;;;;;;;;;
2026/03/27;1200 UTC;;;;;;;;;;;;;;;;;;
2026/03/27;1300 UTC;;;;;;;;;;;;;;;;;;
2026/03/27;1400 UTC;;;;;;;;;;;;;;;;;;
2026/03/27;1500 UTC;;;;;;;;;;;;;;;;;;
2026/03/27;1600 UTC;;;;;;;;;;;;;;;;;;
2026/03/27;1700 UTC;;;;;;;;;;;;;;;;;;
2026/03/27;1800 UTC;;;;;;;;;;;;;;;;;;
2026/03/27;1900 UTC;;;;;;;;;;;;;;;;;;
2026/03/27;2000 UTC;;;;;;;;;;;;;;;;;;
2026/03/27;2100 UTC;;;;;;;;;;;;;;;;;;
2026/03/27;2200 UTC;;;;;;;;;;;;;;;;;;
2026/03/27;2300 UTC;;;;;;;;;;;;;;;;;;
2026/03/28;0000 UTC;;;;;;;;;;;;;;;;;;
2026/03/28;0100 UTC;;;;;;;;;;;;;;;;;;
2026/03/28;0200 UTC;;;;;;;;;;;;;;;;;;
2026/03/28;0300 UTC;;;;;;;;;;;;;;;;;;
2026/03/28;0400 UTC;;;;;;;;;;;;;;;;;;
2026/03/28;0500 UTC;;;;;;;;;;;;;;;;;;
2026/03/28;0600 UTC;;;;;;;;;;;;;;;;;;
2026/03/28;0700 UTC;;;;;;;;;;;;;;;;;;
2026/03/28;0800 UTC;;;;;;;;;;;;;;;;;;
2026/03/28;0900 UTC;;;;;;;;;;;;;;;;;;
2026/03/28;1000 UTC;;;;;;;;;;;;;;;;;;
2026/03/28;1100 UTC;;;;;;;;;;;;;;;;;;
2026/03/28;1200 UTC;;;;;;;;;;;;;;;;;;
2026/03/28;1300 UTC;;;;;;;;;;;;;;;;;;
2026/03/28;1400 UTC;;;;;;;;;;;;;;;;;;
2026/03/28;1500 UTC;;;;;;;;;;;;;;;;;;
2026/03/28;1600 UTC;;;;;;;;;;;;;;;;;;
2026/03/28;1700 UTC;;;;;;;;;;;;;;;;;;
2026/03/28;1800 UTC;;;;;;;;;;;;;;;;;;
2026/03/28;1900 UTC;;;;;;;;;;;;;;;;;;
2026/03/28;2000 UTC;;;;;;;;;;;;;;;;;;
2026/03/28;2100 UTC;;;;;;;;;;;;;;;;;;
2026/03/28;2200 UTC;;;;;;;;;;;;;;;;;;
2026/03/28;2300 UTC;;;;;;;;;;;;;;;;;;
2026/03/29;0000 UTC;;;;;;;;;;;;;;;;;;
2026/03/29;0100 UTC;;;;;;;;;;;;;;;;;;
2026/03/29;0200 UTC;;;;;;;;;;;;;;;;;;
2026/03/29;0300 UTC;;;;;;;;;;;;;;;;;;
2026/03/29;0400 UTC;;;;;;;;;;;;;;;;;;
2026/03/29;0500 UTC;;;;;;;;;;;;;;;;;;
2026/03/29;0600 UTC;;;;;;;;;;;;;;;;;;
2026/03/29;0700 UTC;;;;;;;;;;;;;;;;;;
2026/03/29;0800 UTC;;;;;;;;;;;;;;;;;;
2026/03/29;0900 UTC;;;;;;;;;;;;;;;;;;
2026/03/29;1000 UTC;;;;;;;;;;;;;;;;;;
2026/03/29;1100 UTC;;;;;;;;;;;;;;;;;;
2026/03/29;1200 UTC;;;;;;;;;;;;;;;;;;
2026/03/29;1300 UTC;;;;;;;;;;;;;;;;;;
2026/03/29;1400 UTC;;;;;;;;;;;;;;;;;;
2026/03/29;1500 UTC;;;;;;;;;;;;;;;;;;
2026/03/29;1600 UTC;;;;;;;;;;;;;;;;;;
2026/03/29;1700 UTC;;;;;;;;;;;;;;;;;;
2026/03/29;1800 UTC;;;;;;;;;;;;;;;;;;
2026/03/29;1900 UTC;;;;;;;;;;;;;;;;;;
2026/03/29;2000 UTC;;;;;;;;;;;;;;;;;;
2026/03/29;2100 UTC;;;;;;;;;;;;;;;;;;
2026/03/29;2200 UTC;;;;;;;;;;;;;;;;;;
2026/03/29;2300 UTC;;;;;;;;;;;;;;;;;;
2026/03/30;0000 UTC;;;;;;;;;;;;;;;;;;
2026/03/30;0100 UTC;;;;;;;;;;;;;;;;;;
2026/03/30;0200 UTC;;;;;;;;;;;;;;;;;;
2026/03/30;0300 UTC;;;;;;;;;;;;;;;;;;
2026/03/30;0400 UTC;;;;;;;;;;;;;;;;;;
2026/03/30;0500 UTC;;;;;;;;;;;;;;;;;;
2026/03/30;0600 UTC;;;;;;;;;;;;;;;;;;
2026/03/30;0700 UTC;;;;;;;;;;;;;;;;;;
2026/03/30;0800 UTC;;;;;;;;;;;;;;;;;;
2026/03/30;0900 UTC;;;;;;;;;;;;;;;;;;
2026/03/30;1000 UTC;;;;;;;;;;;;;;;;;;
2026/03/30;1100 UTC;;;;;;;;;;;;;;;;;;
2026/03/30;1200 UTC;;;;;;;;;;;;;;;;;;
2026/03/30;1300 UTC;;;;;;;;;;;;;;;;;;
2026/03/30;1400 UTC;;;;;;;;;;;;;;;;;;
2026/03/30;1500 UTC;;;;;;;;;;;;;;;;;;
2026/03/30;1600 UTC;;;;;;;;;;;;;;;;;;
2026/03/30;1700 UTC;;;;;;;;;;;;;;;;;;
2026/03/30;1800 UTC;;;;;;;;;;;;;;;;;;
2026/03/30;1900 UTC;;;;;;;;;;;;;;;;;;
2026/03/30;2000 UTC;;;;;;;;;;;;;;;;;;
2026/03/30;2100 UTC;;;;;;;;;;;;;;;;;;
2026/03/30;2200 UTC;;;;;;;;;;;;;;;;;;
2026/03/30;2300 UTC;;;;;;;;;;;;;;;;;;
2026/03/31;0000 UTC;;;;;;;;;;;;;;;;;;
2026/03/31;0100 UTC;;;;;;;;;;;;;;;;;;
2026/03/31;0200 UTC;;;;;;;;;;;;;;;;;;
2026/03/31;0300 UTC;;;;;;;;;;;;;;;;;;
2026/03/31;0400 UTC;;;;;;;;;;;;;;;;;;
2026/03/31;0500 UTC;;;;;;;;;;;;;;;;;;
2026/03/31;0600 UTC;;;;;;;;;;;;;;;;;;
2026/03/31;0700 UTC;;;;;;;;;;;;;;;;;;
2026/03/31;0800 UTC;;;;;;;;;;;;;;;;;;
2026/03/31;0900 UTC;;;;;;;;;;;;;;;;;;
2026/03/31;1000 UTC;;;;;;;;;;;;;;;;;;
2026/03/31;1100 UTC;;;;;;;;;;;;;;;;;;
2026/03/31;1200 UTC;;;;;;;;;;;;;;;;;;
2026/03/31;1300 UTC;;;;;;;;;;;;;;;;;;
2026/03/31;1400 UTC;;;;;;;;;;;;;;;;;;
2026/03/31;1500 UTC;;;;;;;;;;;;;;;;;;
2026/03/31;1600 UTC;;;;;;;;;;;;;;;;;;
2026/03/31;1700 UTC;;;;;;;;;;;;;;;;;;
2026/03/31;1800 UTC;;;;;;;;;;;;;;;;;;
2026/03/31;1900 UTC;;;;;;;;;;;;;;;;;;
2026/03/31;2000 UTC;;;;;;;;;;;;;;;;;;
2026/03/31;2100 UTC;;;;;;;;;;;;;;;;;;
2026/03/31;2200 UTC;;;;;;;;;;;;;;;;;;
2026/03/31;2300 UTC;;;;;;;;;;;;;;;;;;
2026/04/01;0000 UTC;;;;;;;;;;;;;;;;;;
2026/04/01;0100 UTC;;;;;;;;;;;;;;;;;;
2026/04/01;0200 UTC;;;;;;;;;;;;;;;;;;
2026/04/01;0300 UTC;;;;;;;;;;;;;;;;;;
2026/04/01;0400 UTC;;;;;;;;;;;;;;;;;;
2026/04/01;0500 UTC;;;;;;;;;;;;;;;;;;
2026/04/01;0600 UTC;;;;;;;;;;;;;;;;;;
2026/04/01;0700 UTC;;;;;;;;;;;;;;;;;;
2026/04/01;0800 UTC;;;;;;;;;;;;;;;;;;
2026/04/01;0900 UTC;;;;;;;;;;;;;;;;;;
2026/04/01;1000 UTC;;;;;;;;;;;;;;;;;;
2026/04/01;1100 UTC;;;;;;;;;;;;;;;;;;
2026/04/01;1200 UTC;;;;;;;;;;;;;;;;;;
2026/04/01;1300 UTC;;;;;;;;;;;;;;;;;;
2026/04/01;1400 UTC;;;;;;;;;;;;;;;;;;
2026/04/01;1500 UTC;;;;;;;;;;;;;;;;;;
2026/04/01;1600 UTC;;;;;;;;;;;;;;;;;;
2026/04/01;1700 UTC;;;;;;;;;;;;;;;;;;
2026/04/01;1800 UTC;;;;;;;;;;;;;;;;;;
2026/04/01;1900 UTC;;;;;;;;;;;;;;;;;;
2026/04/01;2000 UTC;;;;;;;;;;;;;;;;;;
2026/04/01;2100 UTC;;;;;;;;;;;;;;;;;;
2026/04/01;2200 UTC;;;;;;;;;;;;;;;;;;
2026/04/01;2300 UTC;;;;;;;;;;;;;;;;;;
2026/04/02;0000 UTC;;;;;;;;;;;;;;;;;;
2026/04/02;0100 UTC;;;;;;;;;;;;;;;;;;
2026/04/02;0200 UTC;;;;;;;;;;;;;;;;;;
2026/04/02;0300 UTC;;;;;;;;;;;;;;;;;;
2026/04/02;0400 UTC;;;;;;;;;;;;;;;;;;
2026/04/02;0500 UTC;;;;;;;;;;;;;;;;;;
2026/04/02;0600 UTC;;;;;;;;;;;;;;;;;;
2026/04/02;0700 UTC;;;;;;;;;;;;;;;;;;
2026/04/02;0800 UTC;;;;;;;;;;;;;;;;;;
2026/04/02;0900 UTC;;;;;;;;;;;;;;;;;;
2026/04/02;1000 UTC;;;;;;;;;;;;;;;;;;
2026/04/02;1100 UTC;;;;;;;;;;;;;;;;;;
2026/04/02;1200 UTC;;;;;;;;;;;;;;;;;;
2026/04/02;1300 UTC;;;;;;;;;;;;;;;;;;
2026/04/02;1400 UTC;;;;;;;;;;;;;;;;;;
2026/04/02;1500 UTC;;;;;;;;;;;;;;;;;;
2026/04/02;1600 UTC;;;;;;;;;;;;;;;;;;
2026/04/02;1700 UTC;;;;;;;;;;;;;;;;;;
2026/04/02;1800 UTC;;;;;;;;;;;;;;;;;;
2026/04/02;1900 UTC;;;;;;;;;;;;;;;;;;
2026/04/02;2000 UTC;;;;;;;;;;;;;;;;;;
2026/04/02;2100 UTC;;;;;;;;;;;;;;;;;;
2026/04/02;2200 UTC;;;;;;;;;;;;;;;;;;
2026/04/02;2300 UTC;;;;;;;;;;;;;;;;;;
2026/04/03;0000 UTC;;;;;;;;;;;;;;;;;;
2026/04/03;0100 UTC;;;;;;;;;;;;;;;;;;
2026/04/03;0200 UTC;;;;;;;;;;;;;;;;;;
2026/04/03;0300 UTC;;;;;;;;;;;;;;;;;;
2026/04/03;0400 UTC;;;;;;;;;;;;;;;;;;
2026/04/03;0500 UTC;;;;;;;;;;;;;;;;;;
2026/04/03;0600 UTC;;;;;;;;;;;;;;;;;;
2026/04/03;0700 UTC;;;;;;;;;;;;;;;;;;
2026/04/03;0800 UTC;;;;;;;;;;;;;;;;;;
2026/04/03;0900 UTC;;;;;;;;;;;;;;;;;;
2026/04/03;1000 UTC;;;;;;;;;;;;;;;;;;
2026/04/03;1100 UTC;;;;;;;;;;;;;;;;;;
2026/04/03;1200 UTC;;;;;;;;;;;;;;;;;;
2026/04/03;1300 UTC;;;;;;;;;;;;;;;;;;
2026/04/03;1400 UTC;;;;;;;;;;;;;;;;;;
2026/04/03;1500 UTC;;;;;;;;;;;;;;;;;;
2026/04/03;1600 UTC;;;;;;;;;;;;;;;;;;
2026/04/03;1700 UTC;;;;;;;;;;;;;;;;;;
2026/04/03;1800 UTC;;;;;;;;;;;;;;;;;;
2026/04/03;1900 UTC;;;;;;;;;;;;;;;;;;
2026/04/03;2000 UTC;;;;;;;;;;;;;;;;;;
2026/04/03;2100 UTC;;;;;;;;;;;;;;;;;;
2026/04/03;2200 UTC;;;;;;;;;;;;;;;;;;
2026/04/03;2300 UTC;;;;;;;;;;;;;;;;;;
2026/04/04;0000 UTC;;;;;;;;;;;;;;;;;;
2026/04/04;0100 UTC;;;;;;;;;;;;;;;;;;
2026/04/04;0200 UTC;;;;;;;;;;;;;;;;;;
2026/04/04;0300 UTC;;;;;;;;;;;;;;;;;;
2026/04/04;0400 UTC;;;;;;;;;;;;;;;;;;
2026/04/04;0500 UTC;;;;;;;;;;;;;;;;;;
2026/04/04;0600 UTC;;;;;;;;;;;;;;;;;;
2026/04/04;0700 UTC;;;;;;;;;;;;;;;;;;
2026/04/04;0800 UTC;;;;;;;;;;;;;;;;;;
2026/04/04;0900 UTC;;;;;;;;;;;;;;;;;;
2026/04/04;1000 UTC;;;;;;;;;;;;;;;;;;
2026/04/04;1100 UTC;;;;;;;;;;;;;;;;;;
2026/04/04;1200 UTC;;;;;;;;;;;;;;;;;;
2026/04/04;1300 UTC;;;;;;;;;;;;;;;;;;
2026/04/04;1400 UTC;;;;;;;;;;;;;;;;;;
2026/04/04;1500 UTC;;;;;;;;;;;;;;;;;;
2026/04/04;1600 UTC;;;;;;;;;;;;;;;;;;
2026/04/04;1700 UTC;;;;;;;;;;;;;;;;;;
2026/04/04;1800 UTC;;;;;;;;;;;;;;;;;;
2026/04/04;1900 UTC;;;;;;;;;;;;;;;;;;
2026/04/04;2000 UTC;;;;;;;;;;;;;;;;;;
2026/04/04;2100 UTC;;;;;;;;;;;;;;;;;;
2026/04/04;2200 UTC;;;;;;;;;;;;;;;;;;
2026/04/04;2300 UTC;;;;;;;;;;;;;;;;;;
2026/04/05;0000 UTC;;;;;;;;;;;;;;;;;;
2026/04/05;0100 UTC;;;;;;;;;;;;;;;;;;
2026/04/05;0200 UTC;;;;;;;;;;;;;;;;;;
2026/04/05;0300 UTC;;;;;;;;;;;;;;;;;;
2026/04/05;0400 UTC;;;;;;;;;;;;;;;;;;
2026/04/05;0500 UTC;;;;;;;;;;;;;;;;;;
2026/04/05;0600 UTC;;;;;;;;;;;;;;;;;;
2026/04/05;0700 UTC;;;;;;;;;;;;;;;;;;
2026/04/05;0800 UTC;;;;;;;;;;;;;;;;;;
2026/04/05;0900 UTC;;;;;;;;;;;;;;;;;;
2026/04/05;1000 UTC;;;;;;;;;;;;;;;;;;
2026/04/05;1100 UTC;;;;;;;;;;;;;;;;;;
2026/04/05;1200 UTC;;;;;;;;;;;;;;;;;;
2026/04/05;1300 UTC;;;;;;;;;;;;;;;;;;
2026/04/05;1400 UTC;;;;;;;;;;;;;;;;;;
2026/04/05;1500 UTC;;;;;;;;;;;;;;;;;;
2026/04/05;1600 UTC;;;;;;;;;;;;;;;;;;
2026/04/05;1700 UTC;;;;;;;;;;;;;;;;;;
2026/04/05;1800 UTC;;;;;;;;;;;;;;;;;;
2026/04/05;1900 UTC;;;;;;;;;;;;;;;;;;
2026/04/05;2000 UTC;;;;;;;;;;;;;;;;;;
2026/04/05;2100 UTC;;;;;;;;;;;;;;;;;;
2026/04/05;2200 UTC;;;;;;;;;;;;;;;;;;
2026/04/05;2300 UTC;;;;;;;;;;;;;;;;;;
2026/04/06;0000 UTC;;;;;;;;;;;;;;;;;;
2026/04/06;0100 UTC;;;;;;;;;;;;;;;;;;
2026/04/06;0200 UTC;;;;;;;;;;;;;;;;;;
2026/04/06;0300 UTC;;;;;;;;;;;;;;;;;;
2026/04/06;0400 UTC;;;;;;;;;;;;;;;;;;
2026/04/06;0500 UTC;;;;;;;;;;;;;;;;;;
2026/04/06;0600 UTC;;;;;;;;;;;;;;;;;;
2026/04/06;0700 UTC;;;;;;;;;;;;;;;;;;
2026/04/06;0800 UTC;;;;;;;;;;;;;;;;;;
2026/04/06;0900 UTC;;;;;;;;;;;;;;;;;;
2026/04/06;1000 UTC;;;;;;;;;;;;;;;;;;
2026/04/06;1100 UTC;;;;;;;;;;;;;;;;;;
2026/04/06;1200 UTC;;;;;;;;;;;;;;;;;;
2026/04/06;1300 UTC;;;;;;;;;;;;;;;;;;
2026/04/06;1400 UTC;;;;;;;;;;;;;;;;;;
2026/04/06;1500 UTC;;;;;;;;;;;;;;;;;;
2026/04/06;1600 UTC;;;;;;;;;;;;;;;;;;
2026/04/06;1700 UTC;;;;;;;;;;;;;;;;;;
2026/04/06;1800 UTC;;;;;;;;;;;;;;;;;;
2026/04/06;1900 UTC;;;;;;;;;;;;;;;;;;
2026/04/06;2000 UTC;;;;;;;;;;;;;;;;;;
2026/04/06;2100 UTC;;;;;;;;;;;;;;;;;;
2026/04/06;2200 UTC;;;;;;;;;;;;;;;;;;
2026/04/06;2300 UTC;;;;;;;;;;;;;;;;;;
2026/04/07;0000 UTC;;;;;;;;;;;;;;;;;;
2026/04/07;0100 UTC;;;;;;;;;;;;;;;;;;
2026/04/07;0200 UTC;;;;;;;;;;;;;;;;;;
2026/04/07;0300 UTC;;;;;;;;;;;;;;;;;;
2026/04/07;0400 UTC;;;;;;;;;;;;;;;;;;
2026/04/07;0500 UTC;;;;;;;;;;;;;;;;;;
2026/04/07;0600 UTC;;;;;;;;;;;;;;;;;;
2026/04/07;0700 UTC;;;;;;;;;;;;;;;;;;
2026/04/07;0800 UTC;;;;;;;;;;;;;;;;;;
2026/04/07;0900 UTC;;;;;;;;;;;;;;;;;;
2026/04/07;1000 UTC;;;;;;;;;;;;;;;;;;
2026/04/07;1100 UTC;;;;;;;;;;;;;;;;;;
2026/04/07;1200 UTC;;;;;;;;;;;;;;;;;;
2026/04/07;1300 UTC;;;;;;;;;;;;;;;;;;
2026/04/07;1400 UTC;;;;;;;;;;;;;;;;;;
2026/04/07;1500 UTC;;;;;;;;;;;;;;;;;;
2026/04/07;1600 UTC;;;;;;;;;;;;;;;;;;
2026/04/07;1700 UTC;;;;;;;;;;;;;;;;;;
2026/04/07;1800 UTC;;;;;;;;;;;;;;;;;;
2026/04/07;1900 UTC;;;;;;;;;;;;;;;;;;
2026/04/07;2000 UTC;;;;;;;;;;;;;;;;;;
2026/04/07;2100 UTC;;;;;;;;;;;;;;;;;;
2026/04/07;2200 UTC;;;;;;;;;;;;;;;;;;
2026/04/07;2300 UTC;;;;;;;;;;;;;;;;;;
2026/04/08;0000 UTC;;;;;;;;;;;;;;;;;;
2026/04/08;0100 UTC;;;;;;;;;;;;;;;;;;
2026/04/08;0200 UTC;;;;;;;;;;;;;;;;;;
2026/04/08;0300 UTC;;;;;;;;;;;;;;;;;;
2026/04/08;0400 UTC;;;;;;;;;;;;;;;;;;
2026/04/08;0500 UTC;;;;;;;;;;;;;;;;;;
2026/04/08;0600 UTC;;;;;;;;;;;;;;;;;;
2026/04/08;0700 UTC;;;;;;;;;;;;;;;;;;
2026/04/08;0800 UTC;;;;;;;;;;;;;;;;;;
2026/04/08;0900 UTC;;;;;;;;;;;;;;;;;;
2026/04/08;1000 UTC;;;;;;;;;;;;;;;;;;
2026/04/08;1100 UTC;;;;;;;;;;;;;;;;;;
2026/04/08;1200 UTC;;;;;;;;;;;;;;;;;;
2026/04/08;1300 UTC;;;;;;;;;;;;;;;;;;
2026/04/08;1400 UTC;;;;;;;;;;;;;;;;;;
2026/04/08;1500 UTC;;;;;;;;;;;;;;;;;;
2026/04/08;1600 UTC;;;;;;;;;;;;;;;;;;
2026/04/08;1700 UTC;;;;;;;;;;;;;;;;;;
2026/04/08;1800 UTC;;;;;;;;;;;;;;;;;;
2026/04/08;1900 UTC;;;;;;;;;;;;;;;;;;
2026/04/08;2000 UTC;;;;;;;;;;;;;;;;;;
2026/04/08;2100 UTC;;;;;;;;;;;;;;;;;;
2026/04/08;2200 UTC;;;;;;;;;;;;;;;;;;
2026/04/08;2300 UTC;;;;;;;;;;;;;;;;;;
2026/04/09;0000 UTC;;;;;;;;;;;;;;;;;;
2026/04/09;0100 UTC;;;;;;;;;;;;;;;;;;
2026/04/09;0200 UTC;;;;;;;;;;;;;;;;;;
2026/04/09;0300 UTC;;;;;;;;;;;;;;;;;;
2026/04/09;0400 UTC;;;;;;;;;;;;;;;;;;
2026/04/09;0500 UTC;;;;;;;;;;;;;;;;;;
2026/04/09;0600 UTC;;;;;;;;;;;;;;;;;;
2026/04/09;0700 UTC;;;;;;;;;;;;;;;;;;
2026/04/09;0800 UTC;;;;;;;;;;;;;;;;;;
2026/04/09;0900 UTC;;;;;;;;;;;;;;;;;;
2026/04/09;1000 UTC;;;;;;;;;;;;;;;;;;
2026/04/09;1100 UTC;;;;;;;;;;;;;;;;;;
2026/04/09;1200 UTC;;;;;;;;;;;;;;;;;;
2026/04/09;1300 UTC;;;;;;;;;;;;;;;;;;
2026/04/09;1400 UTC;;;;;;;;;;;;;;;;;;
2026/04/09;1500 UTC;;;;;;;;;;;;;;;;;;
2026/04/09;1600 UTC;;;;;;;;;;;;;;;;;;
2026/04/09;1700 UTC;;;;;;;;;;;;;;;;;;
2026/04/09;1800 UTC;;;;;;;;;;;;;;;;;;
2026/04/09;1900 UTC;;;;;;;;;;;;;;;;;;
2026/04/09;2000 UTC;;;;;;;;;;;;;;;;;;
2026/04/09;2100 UTC;;;;;;;;;;;;;;;;;;
2026/04/09;2200 UTC;;;;;;;;;;;;;;;;;;
2026/04/09;2300 UTC;;;;;;;;;;;;;;;;;;
2026/04/10;0000 UTC;;;;;;;;;;;;;;;;;;
2026/04/10;0100 UTC;;;;;;;;;;;;;;;;;;
2026/04/10;0200 UTC;;;;;;;;;;;;;;;;;;
2026/04/10;0300 UTC;;;;;;;;;;;;;;;;;;
2026/04/10;0400 UTC;;;;;;;;;;;;;;;;;;
2026/04/10;0500 UTC;;;;;;;;;;;;;;;;;;
2026/04/10;0600 UTC;;;;;;;;;;;;;;;;;;
2026/04/10;0700 UTC;;;;;;;;;;;;;;;;;;
2026/04/10;0800 UTC;;;;;;;;;;;;;;;;;;
2026/04/10;0900 UTC;;;;;;;;;;;;;;;;;;
2026/04/10;1000 UTC;;;;;;;;;;;;;;;;;;
2026/04/10;1100 UTC;;;;;;;;;;;;;;;;;;
2026/04/10;1200 UTC;;;;;;;;;;;;;;;;;;
2026/04/10;1300 UTC;;;;;;;;;;;;;;;;;;
2026/04/10;1400 UTC;;;;;;;;;;;;;;;;;;
2026/04/10;1500 UTC;;;;;;;;;;;;;;;;;;
2026/04/10;1600 UTC;;;;;;;;;;;;;;;;;;
2026/04/10;1700 UTC;;;;;;;;;;;;;;;;;;
2026/04/10;1800 UTC;;;;;;;;;;;;;;;;;;
2026/04/10;1900 UTC;;;;;;;;;;;;;;;;;;
2026/04/10;2000 UTC;;;;;;;;;;;;;;;;;;
2026/04/10;2100 UTC;;;;;;;;;;;;;;;;;;
2026/04/10;2200 UTC;;;;;;;;;;;;;;;;;;
2026/04/10;2300 UTC;;;;;;;;;;;;;;;;;;
2026/04/11;0000 UTC;;;;;;;;;;;;;;;;;;
2026/04/11;0100 UTC;;;;;;;;;;;;;;;;;;
2026/04/11;0200 UTC;;;;;;;;;;;;;;;;;;
2026/04/11;0300 UTC;;;;;;;;;;;;;;;;;;
2026/04/11;0400 UTC;;;;;;;;;;;;;;;;;;
2026/04/11;0500 UTC;;;;;;;;;;;;;;;;;;
2026/04/11;0600 UTC;;;;;;;;;;;;;;;;;;
2026/04/11;0700 UTC;;;;;;;;;;;;;;;;;;
2026/04/11;0800 UTC;;;;;;;;;;;;;;;;;;
2026/04/11;0900 UTC;;;;;;;;;;;;;;;;;;
2026/04/11;1000 UTC;;;;;;;;;;;;;;;;;;
2026/04/11;1100 UTC;;;;;;;;;;;;;;;;;;
2026/04/11;1200 UTC;;;;;;;;;;;;;;;;;;
2026/04/11;1300 UTC;;;;;;;;;;;;;;;;;;
2026/04/11;1400 UTC;;;;;;;;;;;;;;;;;;
2026/04/11;1500 UTC;;;;;;;;;;;;;;;;;;
2026/04/11;1600 UTC;;;;;;;;;;;;;;;;;;
2026/04/11;1700 UTC;;;;;;;;;;;;;;;;;;
2026/04/11;1800 UTC;;;;;;;;;;;;;;;;;;
2026/04/11;1900 UTC;;;;;;;;;;;;;;;;;;
2026/04/11;2000 UTC;;;;;;;;;;;;;;;;;;
2026/04/11;2100 UTC;;;;;;;;;;;;;;;;;;
2026/04/11;2200 UTC;;;;;;;;;;;;;;;;;;
2026/04/11;2300 UTC;;;;;;;;;;;;;;;;;;
2026/04/12;0000 UTC;;;;;;;;;;;;;;;;;;
2026/04/12;0100 UTC;;;;;;;;;;;;;;;;;;
2026/04/12;0200 UTC;;;;;;;;;;;;;;;;;;
2026/04/12;0300 UTC;;;;;;;;;;;;;;;;;;
2026/04/12;0400 UTC;;;;;;;;;;;;;;;;;;
2026/04/12;0500 UTC;;;;;;;;;;;;;;;;;;
2026/04/12;0600 UTC;;;;;;;;;;;;;;;;;;
2026/04/12;0700 UTC;;;;;;;;;;;;;;;;;;
2026/04/12;0800 UTC;;;;;;;;;;;;;;;;;;
2026/04/12;0900 UTC;;;;;;;;;;;;;;;;;;
2026/04/12;1000 UTC;;;;;;;;;;;;;;;;;;
2026/04/12;1100 UTC;;;;;;;;;;;;;;;;;;
2026/04/12;1200 UTC;;;;;;;;;;;;;;;;;;
2026/04/12;1300 UTC;;;;;;;;;;;;;;;;;;
2026/04/12;1400 UTC;;;;;;;;;;;;;;;;;;
2026/04/12;1500 UTC;;;;;;;;;;;;;;;;;;
2026/04/12;1600 UTC;;;;;;;;;;;;;;;;;;
2026/04/12;1700 UTC;;;;;;;;;;;;;;;;;;
2026/04/12;1800 UTC;;;;;;;;;;;;;;;;;;
2026/04/12;1900 UTC;;;;;;;;;;;;;;;;;;
2026/04/12;2000 UTC;;;;;;;;;;;;;;;;;;
2026/04/12;2100 UTC;;;;;;;;;;;;;;;;;;
2026/04/12;2200 UTC;;;;;;;;;;;;;;;;;;
2026/04/12;2300 UTC;;;;;;;;;;;;;;;;;;
2026/04/13;0000 UTC;;;;;;;;;;;;;;;;;;
2026/04/13;0100 UTC;;;;;;;;;;;;;;;;;;
2026/04/13;0200 UTC;;;;;;;;;;;;;;;;;;
2026/04/13;0300 UTC;;;;;;;;;;;;;;;;;;
2026/04/13;0400 UTC;;;;;;;;;;;;;;;;;;
2026/04/13;0500 UTC;;;;;;;;;;;;;;;;;;
2026/04/13;0600 UTC;;;;;;;;;;;;;;;;;;
2026/04/13;0700 UTC;;;;;;;;;;;;;;;;;;
2026/04/13;0800 UTC;;;;;;;;;;;;;;;;;;
2026/04/13;0900 UTC;;;;;;;;;;;;;;;;;;
2026/04/13;1000 UTC;;;;;;;;;;;;;;;;;;
2026/04/13;1100 UTC;;;;;;;;;;;;;;;;;;
2026/04/13;1200 UTC;;;;;;;;;;;;;;;;;;
2026/04/13;1300 UTC;;;;;;;;;;;;;;;;;;
2026/04/13;1400 UTC;;;;;;;;;;;;;;;;;;
2026/04/13;1500 UTC;;;;;;;;;;;;;;;;;;
2026/04/13;1600 UTC;;;;;;;;;;;;;;;;;;
2026/04/13;1700 UTC;;;;;;;;;;;;;;;;;;
2026/04/13;1800 UTC;;;;;;;;;;;;;;;;;;
2026/04/13;1900 UTC;;;;;;;;;;;;;;;;;;
2026/04/13;2000 UTC;;;;;;;;;;;;;;;;;;
2026/04/13;2100 UTC;;;;;;;;;;;;;;;;;;
2026/04/13;2200 UTC;;;;;;;;;;;;;;;;;;
2026/04/13;2300 UTC;;;;;;;;;;;;;;;;;;
2026/04/14;0000 UTC;;;;;;;;;;;;;;;;;;
2026/04/14;0100 UTC;;;;;;;;;;;;;;;;;;
2026/04/14;0200 UTC;;;;;;;;;;;;;;;;;;
2026/04/14;0300 UTC;;;;;;;;;;;;;;;;;;
2026/04/14;0400 UTC;;;;;;;;;;;;;;;;;;
2026/04/14;0500 UTC;;;;;;;;;;;;;;;;;;
2026/04/14;0600 UTC;;;;;;;;;;;;;;;;;;
2026/04/14;0700 UTC;;;;;;;;;;;;;;;;;;
2026/04/14;0800 UTC;;;;;;;;;;;;;;;;;;
2026/04/14;0900 UTC;;;;;;;;;;;;;;;;;;
2026/04/14;1000 UTC;;;;;;;;;;;;;;;;;;
2026/04/14;1100 UTC;;;;;;;;;;;;;;;;;;
2026/04/14;1200 UTC;;;;;;;;;;;;;;;;;;
2026/04/14;1300 UTC;;;;;;;;;;;;;;;;;;
2026/04/14;1400 UTC;;;;;;;;;;;;;;;;;;
2026/04/14;1500 UTC;;;;;;;;;;;;;;;;;;
2026/04/14;1600 UTC;;;;;;;;;;;;;;;;;;
2026/04/14;1700 UTC;;;;;;;;;;;;;;;;;;
2026/04/14;1800 UTC;;;;;;;;;;;;;;;;;;
2026/04/14;1900 UTC;;;;;;;;;;;;;;;;;;
2026/04/14;2000 UTC;;;;;;;;;;;;;;;;;;
2026/04/14;2100 UTC;;;;;;;;;;;;;;;;;;
2026/04/14;2200 UTC;;;;;;;;;;;;;;;;;;
2026/04/14;2300 UTC;;;;;;;;;;;;;;;;;;
2026/04/15;0000 UTC;;;;;;;;;;;;;;;;;;
2026/04/15;0100 UTC;;;;;;;;;;;;;;;;;;
2026/04/15;0200 UTC;;;;;;;;;;;;;;;;;;
2026/04/15;0300 UTC;;;;;;;;;;;;;;;;;;
2026/04/15;0400 UTC;;;;;;;;;;;;;;;;;;
2026/04/15;0500 UTC;;;;;;;;;;;;;;;;;;
2026/04/15;0600 UTC;;;;;;;;;;;;;;;;;;
2026/04/15;0700 UTC;;;;;;;;;;;;;;;;;;
2026/04/15;0800 UTC;;;;;;;;;;;;;;;;;;
2026/04/15;0900 UTC;;;;;;;;;;;;;;;;;;
2026/04/15;1000 UTC;;;;;;;;;;;;;;;;;;
2026/04/15;1100 UTC;;;;;;;;;;;;;;;;;;
2026/04/15;1200 UTC;;;;;;;;;;;;;;;;;;
2026/04/15;1300 UTC;;;;;;;;;;;;;;;;;;
2026/04/15;1400 UTC;;;;;;;;;;;;;;;;;;
2026/04/15;1500 UTC;;;;;;;;;;;;;;;;;;
2026/04/15;1600 UTC;;;;;;;;;;;;;;;;;;
2026/04/15;1700 UTC;;;;;;;;;;;;;;;;;;
2026/04/15;1800 UTC;;;;;;;;;;;;;;;;;;
2026/04/15;1900 UTC;;;;;;;;;;;;;;;;;;
2026/04/15;2000 UTC;;;;;;;;;;;;;;;;;;
2026/04/15;2100 UTC;;;;;;;;;;;;;;;;;;
2026/04/15;2200 UTC;;;;;;;;;;;;;;;;;;
2026/04/15;2300 UTC;;;;;;;;;;;;;;;;;;
2026/04/16;0000 UTC;;;;;;;;;;;;;;;;;;
2026/04/16;0100 UTC;;;;;;;;;;;;;;;;;;
2026/04/16;0200 UTC;;;;;;;;;;;;;;;;;;
2026/04/16;0300 UTC;;;;;;;;;;;;;;;;;;
2026/04/16;0400 UTC;;;;;;;;;;;;;;;;;;
2026/04/16;0500 UTC;;;;;;;;;;;;;;;;;;
2026/04/16;0600 UTC;;;;;;;;;;;;;;;;;;
2026/04/16;0700 UTC;;;;;;;;;;;;;;;;;;
2026/04/16;0800 UTC;;;;;;;;;;;;;;;;;;
2026/04/16;0900 UTC;;;;;;;;;;;;;;;;;;
2026/04/16;1000 UTC;;;;;;;;;;;;;;;;;;
2026/04/16;1100 UTC;;;;;;;;;;;;;;;;;;
2026/04/16;1200 UTC;;;;;;;;;;;;;;;;;;
2026/04/16;1300 UTC;;;;;;;;;;;;;;;;;;
2026/04/16;1400 UTC;;;;;;;;;;;;;;;;;;
2026/04/16;1500 UTC;;;;;;;;;;;;;;;;;;
2026/04/16;1600 UTC;;;;;;;;;;;;;;;;;;
2026/04/16;1700 UTC;;;;;;;;;;;;;;;;;;
2026/04/16;1800 UTC;;;;;;;;;;;;;;;;;;
2026/04/16;1900 UTC;;;;;;;;;;;;;;;;;;
2026/04/16;2000 UTC;;;;;;;;;;;;;;;;;;
2026/04/16;2100 UTC;;;;;;;;;;;;;;;;;;
2026/04/16;2200 UTC;;;;;;;;;;;;;;;;;;
2026/04/16;2300 UTC;;;;;;;;;;;;;;;;;;
2026/04/17;0000 UTC;;;;;;;;;;;;;;;;;;
2026/04/17;0100 UTC;;;;;;;;;;;;;;;;;;
2026/04/17;0200 UTC;;;;;;;;;;;;;;;;;;
2026/04/17;0300 UTC;;;;;;;;;;;;;;;;;;
2026/04/17;0400 UTC;;;;;;;;;;;;;;;;;;
2026/04/17;0500 UTC;;;;;;;;;;;;;;;;;;
2026/04/17;0600 UTC;;;;;;;;;;;;;;;;;;
2026/04/17;0700 UTC;;;;;;;;;;;;;;;;;;
2026/04/17;0800 UTC;;;;;;;;;;;;;;;;;;
2026/04/17;0900 UTC;;;;;;;;;;;;;;;;;;
2026/04/17;1000 UTC;;;;;;;;;;;;;;;;;;
2026/04/17;1100 UTC;;;;;;;;;;;;;;;;;;
2026/04/17;1200 UTC;;;;;;;;;;;;;;;;;;
2026/04/17;1300 UTC;;;;;;;;;;;;;;;;;;
2026/04/17;1400 UTC;;;;;;;;;;;;;;;;;;
2026/04/17;1500 UTC;;;;;;;;;;;;;;;;;;
2026/04/17;1600 UTC;;;;;;;;;;;;;;;;;;
2026/04/17;1700 UTC;;;;;;;;;;;;;;;;;;
2026/04/17;1800 UTC;;;;;;;;;;;;;;;;;;
2026/04/17;1900 UTC;;;;;;;;;;;;;;;;;;
2026/04/17;2000 UTC;;;;;;;;;;;;;;;;;;
2026/04/17;2100 UTC;;;;;;;;;;;;;;;;;;
2026/04/17;2200 UTC;;;;;;;;;;;;;;;;;;
2026/04/17;2300 UTC;;;;;;;;;;;;;;;;;;
2026/04/18;0000 UTC;;;;;;;;;;;;;;;;;;
2026/04/18;0100 UTC;;;;;;;;;;;;;;;;;;
2026/04/18;0200 UTC;;;;;;;;;;;;;;;;;;
2026/04/18;0300 UTC;;;;;;;;;;;;;;;;;;
2026/04/18;0400 UTC;;;;;;;;;;;;;;;;;;
2026/04/18;0500 UTC;;;;;;;;;;;;;;;;;;
2026/04/18;0600 UTC;;;;;;;;;;;;;;;;;;
2026/04/18;0700 UTC;;;;;;;;;;;;;;;;;;
2026/04/18;0800 UTC;;;;;;;;;;;;;;;;;;
2026/04/18;0900 UTC;;;;;;;;;;;;;;;;;;
2026/04/18;1000 UTC;;;;;;;;;;;;;;;;;;
2026/04/18;1100 UTC;;;;;;;;;;;;;;;;;;
2026/04/18;1200 UTC;;;;;;;;;;;;;;;;;;
2026/04/18;1300 UTC;;;;;;;;;;;;;;;;;;
2026/04/18;1400 UTC;;;;;;;;;;;;;;;;;;
2026/04/18;1500 UTC;;;;;;;;;;;;;;;;;;
2026/04/18;1600 UTC;;;;;;;;;;;;;;;;;;
2026/04/18;1700 UTC;;;;;;;;;;;;;;;;;;
2026/04/18;1800 UTC;;;;;;;;;;;;;;;;;;
2026/04/18;1900 UTC;;;;;;;;;;;;;;;;;;
2026/04/18;2000 UTC;;;;;;;;;;;;;;;;;;
2026/04/18;2100 UTC;;;;;;;;;;;;;;;;;;
2026/04/18;2200 UTC;;;;;;;;;;;;;;;;;;
2026/04/18;2300 UTC;;;;;;;;;;;;;;;;;;
2026/04/19;0000 UTC;;;;;;;;;;;;;;;;;;
2026/04/19;0100 UTC;;;;;;;;;;;;;;;;;;
2026/04/19;0200 UTC;;;;;;;;;;;;;;;;;;
2026/04/19;0300 UTC;;;;;;;;;;;;;;;;;;
2026/04/19;0400 UTC;;;;;;;;;;;;;;;;;;
2026/04/19;0500 UTC;;;;;;;;;;;;;;;;;;
2026/04/19;0600 UTC;;;;;;;;;;;;;;;;;;
2026/04/19;0700 UTC;;;;;;;;;;;;;;;;;;
2026/04/19;0800 UTC;;;;;;;;;;;;;;;;;;
2026/04/19;0900 UTC;;;;;;;;;;;;;;;;;;
2026/04/19;1000 UTC;;;;;;;;;;;;;;;;;;
2026/04/19;1100 UTC;;;;;;;;;;;;;;;;;;
2026/04/19;1200 UTC;;;;;;;;;;;;;;;;;;
2026/04/19;1300 UTC;;;;;;;;;;;;;;;;;;
2026/04/19;1400 UTC;;;;;;;;;;;;;;;;;;
2026/04/19;1500 UTC;;;;;;;;;;;;;;;;;;
2026/04/19;1600 UTC;;;;;;;;;;;;;;;;;;
2026/04/19;1700 UTC;;;;;;;;;;;;;;;;;;
2026/04/19;1800 UTC;;;;;;;;;;;;;;;;;;
2026/04/19;1900 UTC;;;;;;;;;;;;;;;;;;
2026/04/19;2000 UTC;;;;;;;;;;;;;;;;;;
2026/04/19;2100 UTC;;;;;;;;;;;;;;;;;;
2026/04/19;2200 UTC;;;;;;;;;;;;;;;;;;
2026/04/19;2300 UTC;;;;;;;;;;;;;;;;;;
2026/04/20;0000 UTC;;;;;;;;;;;;;;;;;;
2026/04/20;0100 UTC;;;;;;;;;;;;;;;;;;
2026/04/20;0200 UTC;;;;;;;;;;;;;;;;;;
2026/04/20;0300 UTC;;;;;;;;;;;;;;;;;;
2026/04/20;0400 UTC;;;;;;;;;;;;;;;;;;
2026/04/20;0500 UTC;;;;;;;;;;;;;;;;;;
2026/04/20;0600 UTC;;;;;;;;;;;;;;;;;;
2026/04/20;0700 UTC;;;;;;;;;;;;;;;;;;
2026/04/20;0800 UTC;;;;;;;;;;;;;;;;;;
2026/04/20;0900 UTC;;;;;;;;;;;;;;;;;;
2026/04/20;1000 UTC;;;;;;;;;;;;;;;;;;
2026/04/20;1100 UTC;;;;;;;;;;;;;;;;;;
2026/04/20;1200 UTC;;;;;;;;;;;;;;;;;;
2026/04/20;1300 UTC;;;;;;;;;;;;;;;;;;
2026/04/20;1400 UTC;;;;;;;;;;;;;;;;;;
2026/04/20;1500 UTC;;;;;;;;;;;;;;;;;;
2026/04/20;1600 UTC;;;;;;;;;;;;;;;;;;
2026/04/20;1700 UTC;;;;;;;;;;;;;;;;;;
2026/04/20;1800 UTC;;;;;;;;;;;;;;;;;;
2026/04/20;1900 UTC;;;;;;;;;;;;;;;;;;
2026/04/20;2000 UTC;;;;;;;;;;;;;;;;;;
2026/04/20;2100 UTC;;;;;;;;;;;;;;;;;;
2026/04/20;2200 UTC;;;;;;;;;;;;;;;;;;
2026/04/20;2300 UTC;;;;;;;;;;;;;;;;;;
2026/04/21;0000 UTC;;;;;;;;;;;;;;;;;;
2026/04/21;0100 UTC;;;;;;;;;;;;;;;;;;
2026/04/21;0200 UTC;;;;;;;;;;;;;;;;;;
2026/04/21;0300 UTC;;;;;;;;;;;;;;;;;;
2026/04/21;0400 UTC;;;;;;;;;;;;;;;;;;
2026/04/21;0500 UTC;;;;;;;;;;;;;;;;;;
2026/04/21;0600 UTC;;;;;;;;;;;;;;;;;;
2026/04/21;0700 UTC;;;;;;;;;;;;;;;;;;
2026/04/21;0800 UTC;;;;;;;;;;;;;;;;;;
2026/04/21;0900 UTC;;;;;;;;;;;;;;;;;;
2026/04/21;1000 UTC;;;;;;;;;;;;;;;;;;
2026/04/21;1100 UTC;;;;;;;;;;;;;;;;;;
2026/04/21;1200 UTC;;;;;;;;;;;;;;;;;;
2026/04/21;1300 UTC;;;;;;;;;;;;;;;;;;
2026/04/21;1400 UTC;;;;;;;;;;;;;;;;;;
2026/04/21;1500 UTC;;;;;;;;;;;;;;;;;;
2026/04/21;1600 UTC;;;;;;;;;;;;;;;;;;
2026/04/21;1700 UTC;;;;;;;;;;;;;;;;;;
2026/04/21;1800 UTC;;;;;;;;;;;;;;;;;;
2026/04/21;1900 UTC;;;;;;;;;;;;;;;;;;
2026/04/21;2000 UTC;;;;;;;;;;;;;;;;;;
2026/04/21;2100 UTC;;;;;;;;;;;;;;;;;;
2026/04/21;2200 UTC;;;;;;;;;;;;;;;;;;
2026/04/21;2300 UTC;;;;;;;;;;;;;;;;;;
2026/04/22;0000 UTC;;;;;;;;;;;;;;;;;;
2026/04/22;0100 UTC;;;;;;;;;;;;;;;;;;
2026/04/22;0200 UTC;;;;;;;;;;;;;;;;;;
2026/04/22;0300 UTC;;;;;;;;;;;;;;;;;;
2026/04/22;0400 UTC;;;;;;;;;;;;;;;;;;
2026/04/22;0500 UTC;;;;;;;;;;;;;;;;;;
2026/04/22;0600 UTC;;;;;;;;;;;;;;;;;;
2026/04/22;0700 UTC;;;;;;;;;;;;;;;;;;
2026/04/22;0800 UTC;;;;;;;;;;;;;;;;;;
2026/04/22;0900 UTC;;;;;;;;;;;;;;;;;;
2026/04/22;1000 UTC;;;;;;;;;;;;;;;;;;
2026/04/22;1100 UTC;;;;;;;;;;;;;;;;;;
2026/04/22;1200 UTC;;;;;;;;;;;;;;;;;;
2026/04/22;1300 UTC;;;;;;;;;;;;;;;;;;
2026/04/22;1400 UTC;;;;;;;;;;;;;;;;;;
2026/04/22;1500 UTC;;;;;;;;;;;;;;;;;;
2026/04/22;1600 UTC;;;;;;;;;;;;;;;;;;
2026/04/22;1700 UTC;;;;;;;;;;;;;;;;;;
2026/04/22;1800 UTC;;;;;;;;;;;;;;;;;;
2026/04/22;1900 UTC;;;;;;;;;;;;;;;;;;
2026/04/22;2000 UTC;;;;;;;;;;;;;;;;;;
2026/04/22;2100 UTC;;;;;;;;;;;;;;;;;;
2026/04/22;2200 UTC;;;;;;;;;;;;;;;;;;
2026/04/22;2300 UTC;;;;;;;;;;;;;;;;;;
2026/04/23;0000 UTC;;;;;;;;;;;;;;;;;;
2026/04/23;0100 UTC;;;;;;;;;;;;;;;;;;
2026/04/23;0200 UTC;;;;;;;;;;;;;;;;;;
2026/04/23;0300 UTC;;;;;;;;;;;;;;;;;;
2026/04/23;0400 UTC;;;;;;;;;;;;;;;;;;
2026/04/23;0500 UTC;;;;;;;;;;;;;;;;;;
2026/04/23;0600 UTC;;;;;;;;;;;;;;;;;;
2026/04/23;0700 UTC;;;;;;;;;;;;;;;;;;
2026/04/23;0800 UTC;;;;;;;;;;;;;;;;;;
2026/04/23;0900 UTC;;;;;;;;;;;;;;;;;;
2026/04/23;1000 UTC;;;;;;;;;;;;;;;;;;
2026/04/23;1100 UTC;;;;;;;;;;;;;;;;;;
2026/04/23;1200 UTC;;;;;;;;;;;;;;;;;;
2026/04/23;1300 UTC;;;;;;;;;;;;;;;;;;
2026/04/23;1400 UTC;;;;;;;;;;;;;;;;;;
2026/04/23;1500 UTC;;;;;;;;;;;;;;;;;;
2026/04/23;1600 UTC;;;;;;;;;;;;;;;;;;
2026/04/23;1700 UTC;;;;;;;;;;;;;;;;;;
2026/04/23;1800 UTC;;;;;;;;;;;;;;;;;;
2026/04/23;1900 UTC;;;;;;;;;;;;;;;;;;
2026/04/23;2000 UTC;;;;;;;;;;;;;;;;;;
2026/04/23;2100 UTC;;;;;;;;;;;;;;;;;;
2026/04/23;2200 UTC;;;;;;;;;;;;;;;;;;
2026/04/23;2300 UTC;;;;;;;;;;;;;;;;;;
2026/04/24;0000 UTC;;;;;;;;;;;;;;;;;;
2026/04/24;0100 UTC;;;;;;;;;;;;;;;;;;
2026/04/24;0200 UTC;;;;;;;;;;;;;;;;;;
2026/04/24;0300 UTC;;;;;;;;;;;;;;;;;;
2026/04/24;0400 UTC;;;;;;;;;;;;;;;;;;
2026/04/24;0500 UTC;;;;;;;;;;;;;;;;;;
2026/04/24;0600 UTC;;;;;;;;;;;;;;;;;;
2026/04/24;0700 UTC;;;;;;;;;;;;;;;;;;
2026/04/24;0800 UTC;;;;;;;;;;;;;;;;;;
2026/04/24;0900 UTC;;;;;;;;;;;;;;;;;;
2026/04/24;1000 UTC;;;;;;;;;;;;;;;;;;
2026/04/24;1100 UTC;;;;;;;;;;;;;;;;;;
2026/04/24;1200 UTC;;;;;;;;;;;;;;;;;;
2026/04/24;1300 UTC;;;;;;;;;;;;;;;;;;
2026/04/24;1400 UTC;;;;;;;;;;;;;;;;;;
2026/04/24;1500 UTC;;;;;;;;;;;;;;;;;;
2026/04/24;1600 UTC;;;;;;;;;;;;;;;;;;
2026/04/24;1700 UTC;;;;;;;;;;;;;;;;;;
2026/04/24;1800 UTC;;;;;;;;;;;;;;;;;;
2026/04/24;1900 UTC;;;;;;;;;;;;;;;;;;
2026/04/24;2000 UTC;;;;;;;;;;;;;;;;;;
2026/04/24;2100 UTC;;;;;;;;;;;;;;;;;;
2026/04/24;2200 UTC;;;;;;;;;;;;;;;;;;
2026/04/24;2300 UTC;;;;;;;;;;;;;;;;;;
2026/04/25;0000 UTC;;;;;;;;;;;;;;;;;;
2026/04/25;0100 UTC;;;;;;;;;;;;;;;;;;
2026/04/25;0200 UTC;;;;;;;;;;;;;;;;;;
2026/04/25;0300 UTC;;;;;;;;;;;;;;;;;;
2026/04/25;0400 UTC;;;;;;;;;;;;;;;;;;
2026/04/25;0500 UTC;;;;;;;;;;;;;;;;;;
2026/04/25;0600 UTC;,2;890;890,3;889,6;0;14,9;14,9;14,9;14,8;15;14,9;100;100;100;64;,9;,2;
2026/04/25;0700 UTC;0;889,8;890;889,6;0;14,8;14,9;14,8;14,8;14,9;14,8;100;100;100;43;2,6;1,6;
2026/04/25;0800 UTC;,4;888,9;889,6;888,1;0;14,8;14,8;14,8;14,7;14,9;14,8;100;100;100;33;5;3,6;
2026/04/25;0900 UTC;0;887,6;888,1;887,2;0;14,6;14,7;14,7;14,4;14,8;14,5;100;100;100;33;5;2,8;
2026/04/25;1000 UTC;0;888,5;888,8;888;0;14,3;14,3;14,4;14,1;14,5;14,1;100;100;100;292;2,8;1,5;
2026/04/25;1100 UTC;0;889;889,5;888,6;96,1;14,3;14,2;14,5;14,2;14,5;14,1;100;98;100;240;4;2,6;
2026/04/25;1200 UTC;0;889,6;889,9;889,4;447,6;14,7;14,6;15,1;14,4;14,7;14,3;100;98;99;229;3,6;2;
2026/04/25;1300 UTC;0;889,8;889,9;889,7;1124,7;15,6;14,5;16,5;14,9;15,1;14,1;98;90;95;238;4;2,5;
2026/04/25;1400 UTC;0;889,9;890,2;889,7;2007;17,4;14,2;18,4;16,6;15,5;13,1;90;78;84;256;5,7;2,5;
2026/04/25;1500 UTC;0;889,6;889,8;889,4;963,8;17,4;14,2;17,7;17,2;14,6;13,9;86;82;84;277;5,8;3,6;
2026/04/25;1600 UTC;0;889;889,4;888,5;1304,3;18;14,2;18,5;17,5;14,7;13,8;84;77;81;269;7;3,7;
2026/04/25;1700 UTC;0;888,3;888,6;888;2164,5;19,2;14,2;20;18,5;14,6;13,5;80;70;75;294;6,9;3,7;
2026/04/25;1800 UTC;;;;;;;;;;;;;;;;;;
2026/04/25;1900 UTC;;;;;;;;;;;;;;;;;;
2026/04/25;2000 UTC;;;;;;;;;;;;;;;;;;
2026/04/25;2100 UTC;;;;;;;;;;;;;;;;;;
2026/04/25;2200 UTC;;;;;;;;;;;;;;;;;;
2026/04/25;2300 UTC;;;;;;;;;;;;;;;;;;
2026/04/26;0000 UTC;;;;;;;;;;;;;;;;;;
2026/04/26;0100 UTC;;;;;;;;;;;;;;;;;;
2026/04/26;0200 UTC;;;;;;;;;;;;;;;;;;
2026/04/26;0300 UTC;0;888,2;888,4;887,9;0;14,5;14,3;15;14,2;14,5;14;100;96;99;32;2,3;1,6;
2026/04/26;0400 UTC;;;;;;;;;;;;;;;;;;
2026/04/26;0500 UTC;0;887,4;887,7;887,1;0;14,6;14,4;14,9;14,3;14,6;14,1;100;97;99;335;3;1,8;
2026/04/26;0600 UTC;;;;;;;;;;;;;;;;;;
2026/04/26;0700 UTC;2,8;887,2;887,3;887;0;14,3;14,2;14,6;14,2;14,5;14;100;98;99;186;1,9;1,5;
2026/04/26;0800 UTC;2,2;886,2;887;885,6;0;14,4;14,5;14,5;14,3;14,6;14,4;100;100;100;31;5;3,8;
2026/04/26;0900 UTC;4,4;885,6;885,9;885,4;0;14,4;14,4;14,5;14,3;14,5;14,4;100;100;100;37;4,7;3,4;
2026/04/26;1000 UTC;1,6;886,3;886,6;885,6;,5;14,7;14,7;14,8;14,4;14,9;14,5;100;100;100;295;3,5;1,8;
2026/04/26;1100 UTC;;;;;;;;;;;;;;;;;;
2026/04/26;1200 UTC;,6;886,8;887,1;886,5;171,8;15;15;15,2;14,8;15,1;14,9;100;99;100;45;2,8;1,6;
2026/04/26;1300 UTC;0;887,1;887,2;886,9;413,3;15,5;15,3;15,7;15,1;15,6;15;100;98;99;63;3,3;2;
2026/04/26;1400 UTC;0;887;887,2;886,8;603,9;16;15,8;16,3;15,7;16,2;15,5;100;99;99;324;4;2,4;
2026/04/26;1500 UTC;,2;886,5;886,9;886,2;862,1;16,7;16,2;17,9;16,2;16,8;15,9;99;94;98;286;4,1;2;
2026/04/26;1600 UTC;0;886,1;886,3;885,8;1516,2;18,2;16,4;19,1;17,7;17,1;15,6;95;85;91;313;5,2;2,9;
2026/04/26;1700 UTC;0;885,2;885,8;884,9;1845,2;19,1;16,2;20,2;18,7;17;15,2;91;76;86;315;7,5;4,1;
2026/04/26;1800 UTC;;;;;;;;;;;;;;;;;;
2026/04/26;1900 UTC;;;;;;;;;;;;;;;;;;
2026/04/26;2000 UTC;;;;;;;;;;;;;;;;;;
2026/04/26;2100 UTC;;;;;;;;;;;;;;;;;;
2026/04/26;2200 UTC;;;;;;;;;;;;;;;;;;
2026/04/26;2300 UTC;;;;;;;;;;;;;;;;;;
2026/04/27;0000 UTC;;;;;;;;;;;;;;;;;;
2026/04/27;0100 UTC;;;;;;;;;;;;;;;;;;
2026/04/27;0200 UTC;;;;;;;;;;;;;;;;;;
2026/04/27;0300 UTC;;;;;;;;;;;;;;;;;;
2026/04/27;0400 UTC;;;;;;;;;;;;;;;;;;
2026/04/27;0500 UTC;0;888,1;888,2;888,1;0;12,7;11,9;12,8;12,7;11,9;11,9;96;96;96;234;3,9;2,4;
2026/04/27;0600 UTC;;;;;;;;;;;;;;;;;;
2026/04/27;0700 UTC;0;887,6;887,9;887,5;0;11,3;11,2;11,5;11;11,5;10,5;100;97;99;257;1,8;,8;
2026/04/27;0800 UTC;0;887,6;887,7;887,5;0;10,7;10,5;11,1;10,2;10,8;10;100;97;99;167;2,6;1,2;
2026/04/27;0900 UTC;0;888;888,3;887,7;0;10,7;9,7;11,4;10;10,4;9;100;88;95;302;4;2,2;
2026/04/27;1000 UTC;0;889;889,4;888,3;5,1;11,2;9,5;11,8;10,9;9,7;8,9;94;86;91;295;5,7;3,6;
2026/04/27;1100 UTC;0;889,7;890;889,4;254,3;11;9,9;11,3;10,8;10,5;9,6;98;92;94;272;5,9;2,6;
2026/04/27;1200 UTC;0;890,2;890,5;889,9;595,1;10,9;10,3;12,1;10,4;10,6;9,8;100;89;97;299;6,7;4,1;
2026/04/27;1300 UTC;0;890,4;890,6;890,2;2007,1;13,1;9,9;14;12,2;10,6;9,4;91;79;84;302;8,7;5,6;
2026/04/27;1400 UTC;;;;;;;;;;;;;;;;;;
2026/04/27;1500 UTC;0;889,8;890,1;889,1;2824,5;16,1;8,7;16,7;15,5;9,4;7,6;68;56;63;291;11,5;6,8;
2026/04/27;1600 UTC;;;;;;;;;;;;;;;;;;
2026/04/27;1700 UTC;;;;;;;;;;;;;;;;;;
2026/04/27;1800 UTC;;;;;;;;;;;;;;;;;;
2026/04/27;1900 UTC;;;;;;;;;;;;;;;;;;
2026/04/27;2000 UTC;;;;;;;;;;;;;;;;;;
2026/04/27;2100 UTC;;;;;;;;;;;;;;;;;;
2026/04/27;2200 UTC;;;;;;;;;;;;;;;;;;
2026/04/27;2300 UTC;;;;;;;;;;;;;;;;;;
2026/04/28;0000 UTC;;;;;;;;;;;;;;;;;;
2026/04/28;0100 UTC;;;;;;;;;;;;;;;;;;
2026/04/28;0200 UTC;;;;;;;;;;;;;;;;;;
2026/04/28;0300 UTC;;;;;;;;;;;;;;;;;;
2026/04/28;0400 UTC;;;;;;;;;;;;;;;;;;
2026/04/28;0500 UTC;0;891,2;891,4;891,1;0;4,7;,1;5,4;3,7;1,6;-,8;90;71;77;47;1,9;1,5;
2026/04/28;0600 UTC;;;;;;;;;;;;;;;;;;
2026/04/28;0700 UTC;0;890,8;891;890,6;0;4,4;,9;5;3,3;2,1;,1;94;76;82;36;2,3;1,9;
2026/04/28;0800 UTC;0;890,8;890,9;890,7;0;1,7;1,6;3;1,1;2,2;,7;100;92;99;37;3,2;2,3;
2026/04/28;0900 UTC;0;891;891,2;890,9;0;1;1;1,5;,7;1,6;,8;100;100;100;28;2,7;2,1;
2026/04/28;1000 UTC;0;891,6;892;891,2;10,4;,9;,9;1,6;,6;1,6;,6;100;100;100;42;2,9;2,3;
2026/04/28;1100 UTC;0;892,4;892,8;892;;2,7;2;5,8;1,5;2,8;1,1;100;85;97;37;2,9;1,9;
2026/04/28;1200 UTC;0;892,9;893;892,8;;6,6;3,2;7,9;3,9;4,2;2,2;95;75;83;61;2,8;1,4;
2026/04/28;1300 UTC;0;893,1;893,2;893;;10,4;5;12,9;7,9;6,4;3,6;84;64;73;140;5,2;2,3;
2026/04/28;1400 UTC;0;893,1;893,2;892,9;;13,5;6,5;14,2;12,6;7,5;5;68;61;65;301;7,9;5,3;
2026/04/28;1500 UTC;0;892,7;893,1;892,4;;15,6;8,5;16,8;14,1;9,5;7,1;68;61;64;304;10,2;5,1;
2026/04/28;1600 UTC;0;891,8;892,4;891,4;;17,8;9,4;18,9;16,7;10,4;7,4;66;44;58;303;7;4,2;
2026/04/28;1700 UTC;;;;;;;;;;;;;;;;;;
2026/04/28;1800 UTC;;;;;;;;;;;;;;;;;;
2026/04/28;1900 UTC;;;;;;;;;;;;;;;;;;
2026/04/28;2000 UTC;;;;;;;;;;;;;;;;;;
2026/04/28;2100 UTC;;;;;;;;;;;;;;;;;;
2026/04/28;2200 UTC;;;;;;;;;;;;;;;;;;
2026/04/28;2300 UTC;;;;;;;;;;;;;;;;;;
2026/04/29;0000 UTC;;;;;;;;;;;;;;;;;;
2026/04/29;0100 UTC;;;;;;;;;;;;;;;;;;
2026/04/29;0200 UTC;;;;;;;;;;;;;;;;;;
2026/04/29;0300 UTC;;;;;;;;;;;;;;;;;;
2026/04/29;0400 UTC;;;;;;;;;;;;;;;;;;
2026/04/29;0500 UTC;;;;;;;;;;;;;;;;;;
2026/04/29;0600 UTC;0;890,5;891;890;0;10,3;8,6;11;9,6;9;8;96;87;91;48;2;1,3;
2026/04/29;0700 UTC;0;889,6;889,9;889,4;0;9,7;8,6;10,3;9,2;8,8;8,4;97;92;95;29;3;2,2;
2026/04/29;0800 UTC;0;889,4;889,5;889,3;0;9,5;8,6;10,3;9;9;8,4;98;92;95;30;3,4;2,3;
2026/04/29;0900 UTC;0;889,6;889,7;889,4;0;10,6;8,3;11;9,9;8,5;8,2;93;86;89;37;3;2,6;
2026/04/29;1000 UTC;0;889,7;889,9;889,6;,5;10,3;8,5;11;9,5;8,8;8,2;96;86;91;44;3,7;2,3;
2026/04/29;1100 UTC;0;889,9;890,1;889,7;78,8;10,6;8,7;10,9;10,3;8,9;8,5;92;89;90;93;2,4;1,2;
2026/04/29;1200 UTC;0;;;;315,7;;;;;;;;;;148;2,5;1,4;
2026/04/29;1300 UTC;0;;;;510;12,4;10,5;12,5;12,2;10,6;10,3;91;90;90;117;1,4;,8;
2026/04/29;1400 UTC;0;;;;564,8;;;;;;;;;;59;1,7;,9;
2026/04/29;1500 UTC;0;;;;568,8;;;;;;;;;;57;2,1;1,2;
2026/04/29;1600 UTC;;;;;;;;;;;;;;;;;;
2026/04/29;1700 UTC;;;;;;;;;;;;;;;;;;
2026/04/29;1800 UTC;;;;;;;;;;;;;;;;;;
2026/04/29;1900 UTC;;;;;;;;;;;;;;;;;;
2026/04/29;2000 UTC;;;;;;;;;;;;;;;;;;
2026/04/29;2100 UTC;;;;;;;;;;;;;;;;;;
2026/04/29;2200 UTC;;;;;;;;;;;;;;;;;;
2026/04/29;2300 UTC;;;;;;;;;;;;;;;;;;
2026/04/30;0000 UTC;;;;;;;;;;;;;;;;;;
2026/04/30;0100 UTC;;;;;;;;;;;;;;;;;;
2026/04/30;0200 UTC;;;;;;;;;;;;;;;;;;
2026/04/30;0300 UTC;;;;;;;;;;;;;;;;;;
2026/04/30;0400 UTC;;;;;;;;;;;;;;;;;;
2026/04/30;0500 UTC;;;;;;;;;;;;;;;;;;
2026/04/30;0600 UTC;;;;;;;;;;;;;;;;;;
2026/04/30;0700 UTC;;;;;;;;;;;;;;;;;;
2026/04/30;0800 UTC;;;;;;;;;;;;;;;;;;
2026/04/30;0900 UTC;;;;;;;;;;;;;;;;;;
2026/04/30;1000 UTC;;;;;;;;;;;;;;;;;;
2026/04/30;1100 UTC;;;;;;;;;;;;;;;;;;
2026/04/30;1200 UTC;;;;;;;;;;;;;;;;;;
2026/04/30;1300 UTC;;;;;;;;;;;;;;;;;;
2026/04/30;1400 UTC;;;;;;;;;;;;;;;;;;
2026/04/30;1500 UTC;;;;;;;;;;;;;;;;;;
2026/04/30;1600 UTC;;;;;;;;;;;;;;;;;;
2026/04/30;1700 UTC;;;;;;;;;;;;;;;;;;
2026/04/30;1800 UTC;;;;;;;;;;;;;;;;;;
2026/04/30;1900 UTC;;;;;;;;;;;;;;;;;;
2026/04/30;2000 UTC;;;;;;;;;;;;;;;;;;
2026/04/30;2100 UTC;;;;;;;;;;;;;;;;;;
2026/04/30;2200 UTC;;;;;;;;;;;;;;;;;;
2026/04/30;2300 UTC;;;;;;;;;;;;;;;;;;
2026/05/01;0000 UTC;;;;;;;;;;;;;;;;;;
2026/05/01;0100 UTC;;;;;;;;;;;;;;;;;;
2026/05/01;0200 UTC;;;;;;;;;;;;;;;;;;
2026/05/01;0300 UTC;;;;;;;;;;;;;;;;;;
2026/05/01;0400 UTC;;;;;;;;;;;;;;;;;;
2026/05/01;0500 UTC;;;;;;;;;;;;;;;;;;
2026/05/01;0600 UTC;;;;;;;;;;;;;;;;;;
2026/05/01;0700 UTC;;;;;;;;;;;;;;;;;;
2026/05/01;0800 UTC;;;;;;;;;;;;;;;;;;
2026/05/01;0900 UTC;;;;;;;;;;;;;;;;;;
2026/05/01;1000 UTC;;;;;;;;;;;;;;;;;;
2026/05/01;1100 UTC;;;;;;;;;;;;;;;;;;
2026/05/01;1200 UTC;;;;;;;;;;;;;;;;;;
2026/05/01;1300 UTC;;;;;;;;;;;;;;;;;;
2026/05/01;1400 UTC;;;;;;;;;;;;;;;;;;
2026/05/01;1500 UTC;;;;;;;;;;;;;;;;;;
2026/05/01;1600 UTC;;;;;;;;;;;;;;;;;;
2026/05/01;1700 UTC;;;;;;;;;;;;;;;;;;
2026/05/01;1800 UTC;;;;;;;;;;;;;;;;;;
2026/05/01;1900 UTC;;;;;;;;;;;;;;;;;;
2026/05/01;2000 UTC;;;;;;;;;;;;;;;;;;
2026/05/01;2100 UTC;;;;;;;;;;;;;;;;;;
2026/05/01;2200 UTC;;;;;;;;;;;;;;;;;;
2026/05/01;2300 UTC;;;;;;;;;;;;;;;;;;
2026/05/02;0000 UTC;;;;;;;;;;;;;;;;;;
2026/05/02;0100 UTC;;;;;;;;;;;;;;;;;;
2026/05/02;0200 UTC;;;;;;;;;;;;;;;;;;
2026/05/02;0300 UTC;;;;;;;;;;;;;;;;;;
2026/05/02;0400 UTC;;;;;;;;;;;;;;;;;;
2026/05/02;0500 UTC;;;;;;;;;;;;;;;;;;
2026/05/02;0600 UTC;8;890,6;891,6;890,1;0;14,1;13,7;14,5;13,9;14;13,3;100;96;98;181;10,1;6,6;
2026/05/02;0700 UTC;14,2;891,3;891,8;890,9;0;14,2;14,2;14,3;14,1;14,3;14;100;99;100;150;4,5;2,9;
2026/05/02;0800 UTC;2,8;891,6;891,9;891,3;0;14,3;14,3;14,3;14,2;14,3;14,2;100;100;100;34;3,8;2,7;
2026/05/02;0900 UTC;5,6;891,6;891,8;891,4;0;14,4;14,2;14,8;14,2;14,3;13,9;100;96;99;322;7,2;4,1;
2026/05/02;1000 UTC;2;890,5;891,6;889,6;0;14,3;14;14,7;14,1;14,2;13,5;100;95;99;201;8,9;5,2;
2026/05/02;1100 UTC;0;889,5;890,4;888;14,5;14,7;13,3;15,7;14,2;13,8;12,6;98;85;93;311;7,6;4,3;
2026/05/02;1200 UTC;;;;;;;;;;;;;;;;;;
2026/05/02;1300 UTC;0;891,9;892,4;891,2;131,9;15,6;13,5;15,6;15,4;13,9;13,3;91;89;90;273;4,6;1,8;
2026/05/02;1400 UTC;0;892,3;892,5;892,1;475,4;15,9;14;16,1;15,6;14,2;13,7;92;89;90;288;7,2;4;
2026/05/02;1500 UTC;;;;;;;;;;;;;;;;;;
2026/05/02;1600 UTC;;;;;;;;;;;;;;;;;;
2026/05/02;1700 UTC;;;;;;;;;;;;;;;;;;
2026/05/02;1800 UTC;;;;;;;;;;;;;;;;;;
2026/05/02;1900 UTC;;;;;;;;;;;;;;;;;;
2026/05/02;2000 UTC;;;;;;;;;;;;;;;;;;
2026/05/02;2100 UTC;;;;;;;;;;;;;;;;;;
2026/05/02;2200 UTC;;;;;;;;;;;;;;;;;;
2026/05/02;2300 UTC;;;;;;;;;;;;;;;;;;
2026/05/03;0000 UTC;;;;;;;;;;;;;;;;;;
2026/05/03;0100 UTC;;;;;;;;;;;;;;;;;;
2026/05/03;0200 UTC;;;;;;;;;;;;;;;;;;
2026/05/03;0300 UTC;;;;;;;;;;;;;;;;;;
2026/05/03;0400 UTC;;;;;;;;;;;;;;;;;;
2026/05/03;0500 UTC;0;895,6;895,8;895,4;0;7,7;6,3;8,1;7,1;6,7;5,5;94;92;93;205;6,2;3,5;
2026/05/03;0600 UTC;0;895,4;895,6;895,3;0;6,4;5;7,1;5,9;5,6;4,6;95;91;93;203;4,8;3,3;
2026/05/03;0700 UTC;0;895,2;895,3;895,1;0;5,4;4,4;6;5,1;4,7;4,1;97;93;95;194;2,9;1,8;
2026/05/03;0800 UTC;;;;;;;;;;;;;;;;;;
2026/05/03;0900 UTC;0;895,4;895,6;895,2;0;4,3;3,4;4,8;4,1;4;3;97;94;95;183;3,7;1,8;
2026/05/03;1000 UTC;0;895,7;895,8;895,6;4,9;3,8;2,8;4,1;3,3;3,2;2,5;96;94;95;196;3,3;1,6;
2026/05/03;1100 UTC;0;895,9;896,1;895,7;455,9;3,8;2,4;4,6;3,3;2,8;2,2;96;89;93;114;2,9;1,7;
2026/05/03;1200 UTC;0;896,4;896,6;896,1;978,7;4,7;3,1;5,8;4;3,7;1,9;96;87;92;43;3,7;2,5;
2026/05/03;1300 UTC;0;896,8;897;896,6;1977,1;6,2;3,5;7,5;4,3;4,2;2,8;97;77;87;46;5,4;3,4;
2026/05/03;1400 UTC;0;896,9;897,1;896,7;2497,1;9,1;3,8;10,8;7,7;5,2;2,9;81;65;73;74;4,3;2,3;
2026/05/03;1500 UTC;;;;;;;;;;;;;;;;;;
2026/05/03;1600 UTC;;;;;;;;;;;;;;;;;;
2026/05/03;1700 UTC;;;;;;;;;;;;;;;;;;
2026/05/03;1800 UTC;;;;;;;;;;;;;;;;;;
2026/05/03;1900 UTC;;;;;;;;;;;;;;;;;;
2026/05/03;2000 UTC;;;;;;;;;;;;;;;;;;
2026/05/03;2100 UTC;;;;;;;;;;;;;;;;;;
2026/05/03;2200 UTC;;;;;;;;;;;;;;;;;;
2026/05/03;2300 UTC;;;;;;;;;;;;;;;;;;
2026/05/04;0000 UTC;;;;;;;;;;;;;;;;;;
2026/05/04;0100 UTC;;;;;;;;;;;;;;;;;;
2026/05/04;0200 UTC;;;;;;;;;;;;;;;;;;
2026/05/04;0300 UTC;;;;;;;;;;;;;;;;;;
2026/05/04;0400 UTC;;;;;;;;;;;;;;;;;;
2026/05/04;0500 UTC;0;893,6;893,7;893,4;0;8,2;6,8;8,7;7,8;7;6,6;95;91;93;32;2,9;2,3;
2026/05/04;0600 UTC;0;893;893,4;892,5;0;7,3;6,8;7,8;6,9;7,1;6,6;99;94;97;44;4,4;3,7;
2026/05/04;0700 UTC;0;892,2;892,5;891,9;0;7,7;7,1;8,1;7,5;7,3;6,8;98;96;97;33;5;3,8;
2026/05/04;0800 UTC;0;892;892,2;891,9;0;8,3;7,3;9,3;7,9;8;7,2;97;93;95;25;5,5;3,4;
2026/05/04;0900 UTC;;;;;;;;;;;;;;;;;;
2026/05/04;1000 UTC;0;892,7;892,9;892,5;3,7;8,9;8,1;9,4;8,5;8,4;7,9;98;93;96;29;4,5;3,3;
2026/05/04;1100 UTC;0;892,9;893,3;892,8;359,3;9,5;8,5;11;8,6;9,3;8,2;98;89;95;42;3,5;2,5;
2026/05/04;1200 UTC;0;893,4;893,8;893,1;660,7;10,8;9;12,4;10,1;10,4;8,5;94;85;91;74;3;1,6;
2026/05/04;1300 UTC;0;893,7;893,8;893,5;1494,3;13,2;10,1;14,4;12,4;10,9;9,4;89;80;85;43;7,6;3,9;
2026/05/04;1400 UTC;0;893,5;893,7;893,4;1732,1;15,3;11,3;16,2;14,3;11,9;10,6;83;77;80;25;8,6;5,4;
2026/05/04;1500 UTC;;;;;;;;;;;;;;;;;;
2026/05/04;1600 UTC;0;893,2;893,4;892,9;861;15,8;12,3;16,4;15,4;12,7;12;84;80;82;115;5,9;3,7;
2026/05/04;1700 UTC;;;;;;;;;;;;;;;;;;
2026/05/04;1800 UTC;;;;;;;;;;;;;;;;;;
2026/05/04;1900 UTC;;;;;;;;;;;;;;;;;;
2026/05/04;2000 UTC;;;;;;;;;;;;;;;;;;
2026/05/04;2100 UTC;;;;;;;;;;;;;;;;;;
2026/05/04;2200 UTC;;;;;;;;;;;;;;;;;;
2026/05/04;2300 UTC;;;;;;;;;;;;;;;;;;
2026/05/05;0000 UTC;;;;;;;;;;;;;;;;;;
2026/05/05;0100 UTC;;;;;;;;;;;;;;;;;;
2026/05/05;0200 UTC;;;;;;;;;;;;;;;;;;
2026/05/05;0300 UTC;;;;;;;;;;;;;;;;;;
2026/05/05;0400 UTC;;;;;;;;;;;;;;;;;;
2026/05/05;0500 UTC;0;894,1;894,2;893,9;0;14;14;14,1;13,8;14,1;13,8;100;99;100;29;4,6;2,4;
2026/05/05;0600 UTC;0;893,9;894;893,8;0;13,9;14;14,1;13,8;14,1;13,8;100;100;100;45;3,7;2,2;
2026/05/05;0700 UTC;0;893,9;894;893,7;0;14,2;14,3;14,3;14;14,4;14,1;100;100;100;30;3,1;2,4;
2026/05/05;0800 UTC;0;893,6;893,7;893,5;0;14,2;14,3;14,2;14,2;14,3;14,2;100;100;100;38;4,6;2,9;
2026/05/05;0900 UTC;0;893,7;893,8;893,7;0;14,4;14,5;14,6;14,2;14,7;14,3;100;100;100;25;5;3,4;
2026/05/05;1000 UTC;0;894,1;894,4;893,7;2,5;14,5;14,5;14,7;14,3;14,7;14,4;100;100;100;39;4;2,3;
2026/05/05;1100 UTC;0;894,8;895,1;894,4;455,7;15;14,9;15,7;14,4;15,4;14,4;100;98;100;52;1,8;1,2;
2026/05/05;1200 UTC;0;895,4;895,7;895,2;1265,8;16,2;15,3;16,8;15,7;15,8;14,9;99;91;95;32;3,9;2,8;
2026/05/05;1300 UTC;0;895,9;896,2;895,6;1889,3;17,7;15,4;18,8;16,8;16,4;14,8;94;84;89;48;2,9;1,8;
2026/05/05;1400 UTC;0;896,1;896,2;896,1;1966,1;19,3;16,2;20,1;18,7;17,1;15,7;88;80;85;51;3,8;2;
2026/05/05;1500 UTC;;;;;;;;;;;;;;;;;;
2026/05/05;1600 UTC;;;;;;;;;;;;;;;;;;
2026/05/05;1700 UTC;;;;;;;;;;;;;;;;;;
2026/05/05;1800 UTC;;;;;;;;;;;;;;;;;;
2026/05/05;1900 UTC;;;;;;;;;;;;;;;;;;
2026/05/05;2000 UTC;;;;;;;;;;;;;;;;;;
2026/05/05;2100 UTC;;;;;;;;;;;;;;;;;;
2026/05/05;2200 UTC;;;;;;;;;;;;;;;;;;
2026/05/05;2300 UTC;;;;;;;;;;;;;;;;;;
2026/05/06;0000 UTC;;;;;;;;;;;;;;;;;;
2026/05/06;0100 UTC;;;;;;;;;;;;;;;;;;
2026/05/06;0200 UTC;;;;;;;;;;;;;;;;;;
2026/05/06;0300 UTC;;;;;;;;;;;;;;;;;;
2026/05/06;0400 UTC;;;;;;;;;;;;;;;;;;
2026/05/06;0500 UTC;0;895,4;895,6;895,1;;15,6;14,3;16,5;14,8;14,7;14;100;88;93;59;2;1,4;
2026/05/06;0600 UTC;;;;;;;;;;;;;;;;;;
2026/05/06;0700 UTC;0;895,8;895,9;895,6;;15,1;14,2;15,6;14,3;14,4;14;100;92;95;33;2,8;2,4;
2026/05/06;0800 UTC;0;895,5;895,7;895,4;;13,6;13,5;14,9;13,2;14,2;13,1;100;96;99;29;2,7;2,3;
2026/05/06;0900 UTC;0;895,6;895,7;895,6;;14,2;14;14,9;13,7;14,3;13,7;100;96;99;32;3;2,5;
2026/05/06;1000 UTC;0;895,7;895,8;895,6;;13,8;13,5;14,4;12,8;14,3;12,7;100;96;99;36;2,8;2,4;
2026/05/06;1100 UTC;;;;;;;;;;;;;;;;;;
2026/05/06;1200 UTC;0;896,4;896,6;896,2;;16,8;14,6;18,5;15,7;15,3;14,1;94;81;89;40;2,7;1,7;
2026/05/06;1300 UTC;0;896,7;896,8;896,5;;19,8;15,7;20,9;18,5;16,3;14,6;84;75;79;271;6,5;4,3;
2026/05/06;1400 UTC;0;896,7;896,9;896,4;;21,8;16,5;22,7;20,9;17,6;15,9;78;70;74;261;8;4,4;
2026/05/06;1500 UTC;0;895,9;896,3;895,5;;23,1;17,3;23,8;22,5;18,1;16,7;76;65;71;192;6,4;3,8;
2026/05/06;1600 UTC;;;;;;;;;;;;;;;;;;
2026/05/06;1700 UTC;;;;;;;;;;;;;;;;;;
2026/05/06;1800 UTC;;;;;;;;;;;;;;;;;;
2026/05/06;1900 UTC;;;;;;;;;;;;;;;;;;
2026/05/06;2000 UTC;;;;;;;;;;;;;;;;;;
2026/05/06;2100 UTC;;;;;;;;;;;;;;;;;;
2026/05/06;2200 UTC;;;;;;;;;;;;;;;;;;
2026/05/06;2300 UTC;;;;;;;;;;;;;;;;;;
2026/05/07;0000 UTC;;;;;;;;;;;;;;;;;;
2026/05/07;0100 UTC;;;;;;;;;;;;;;;;;;
2026/05/07;0200 UTC;;;;;;;;;;;;;;;;;;
2026/05/07;0300 UTC;;;;;;;;;;;;;;;;;;
2026/05/07;0400 UTC;;;;;;;;;;;;;;;;;;
2026/05/07;0500 UTC;;;;;;;;;;;;;;;;;;
2026/05/07;0600 UTC;0;891;891,4;890,4;0;16,8;15,3;17;16,7;15,5;15,2;94;91;92;44;3,7;2,7;
2026/05/07;0700 UTC;0;890;890,4;889,7;0;16,7;15,5;16,9;16,5;15,6;15,3;95;92;94;36;4,9;2,7;
2026/05/07;0800 UTC;0;889,4;889,7;889,2;0;16,9;15,4;17,4;16,6;15,5;15,3;94;90;92;25;5,6;3,1;
2026/05/07;0900 UTC;0;889,1;889,3;889;0;17;15,6;17,5;16,7;15,7;15,5;94;91;93;26;6,7;2,9;
2026/05/07;1000 UTC;0;888,9;889,1;888,8;1,5;17,1;15,8;17,6;16,7;15,9;15,6;95;92;93;37;9,3;5,3;
2026/05/07;1100 UTC;;;;;;;;;;;;;;;;;;
2026/05/07;1200 UTC;0;889,4;889,5;889,2;507,2;17,8;15,9;18,5;17;16,1;15,5;94;86;90;47;7,4;3,8;
2026/05/07;1300 UTC;0;889;889,3;888,7;716,8;18,9;15,5;20,1;18,2;16,2;15,1;89;76;83;53;11,6;6,3;
2026/05/07;1400 UTC;;;;;;;;;;;;;;;;;;
2026/05/07;1500 UTC;;;;;;;;;;;;;;;;;;
2026/05/07;1600 UTC;;;;;;;;;;;;;;;;;;
2026/05/07;1700 UTC;;;;;;;;;;;;;;;;;;
2026/05/07;1800 UTC;;;;;;;;;;;;;;;;;;
2026/05/07;1900 UTC;;;;;;;;;;;;;;;;;;
2026/05/07;2000 UTC;;;;;;;;;;;;;;;;;;
2026/05/07;2100 UTC;;;;;;;;;;;;;;;;;;
2026/05/07;2200 UTC;;;;;;;;;;;;;;;;;;
2026/05/07;2300 UTC;;;;;;;;;;;;;;;;;;
2026/05/08;0000 UTC;;;;;;;;;;;;;;;;;;
2026/05/08;0100 UTC;;;;;;;;;;;;;;;;;;
2026/05/08;0200 UTC;;;;;;;;;;;;;;;;;;
2026/05/08;0300 UTC;;;;;;;;;;;;;;;;;;
2026/05/08;0400 UTC;;;;;;;;;;;;;;;;;;
2026/05/08;0500 UTC;;;;;;;;;;;;;;;;;;
2026/05/08;0600 UTC;0;882,3;882,8;882;0;19,9;13,5;20,1;19,6;13,7;13,3;70;67;68;231;14,5;7,3;
2026/05/08;0700 UTC;3,8;883,1;884,1;882,1;6,1;17,5;13,3;19,9;14,3;13,7;12,6;95;67;79;300;13,1;6;
2026/05/08;0800 UTC;,8;883,4;883,8;882,9;0;14,3;13,1;14,6;14,1;13,2;12,8;96;91;94;330;12,6;6,1;
2026/05/08;0900 UTC;1,6;882,7;883,7;880,9;0;13,8;13,1;14,1;13,5;13,4;12,8;100;94;97;106;10;6,6;
2026/05/08;1000 UTC;0;883,5;883,7;883;1;14,1;12,7;14,2;13,8;12,9;12,5;95;92;93;328;11,6;7;
2026/05/08;1100 UTC;0;883,4;883,6;883,2;71,2;14,2;12,7;14,3;14,1;12,9;12,5;94;92;93;320;11;6,8;
2026/05/08;1200 UTC;0;883,5;884;883,1;226;14,5;12,8;14,7;14,3;13,1;12,6;92;91;91;318;13,6;7,6;
2026/05/08;1300 UTC;0;884,3;884,8;883,8;382;14,2;13;14,8;12,9;13,3;12,4;98;90;94;290;9,2;4,8;
2026/05/08;1400 UTC;;;;;;;;;;;;;;;;;;
2026/05/08;1500 UTC;;;;;;;;;;;;;;;;;;
2026/05/08;1600 UTC;0;884,5;884,6;884,4;533,5;11,4;11,1;12;11;11,9;10,6;99;97;99;294;7;4,5;
2026/05/08;1700 UTC;;;;;;;;;;;;;;;;;;
2026/05/08;1800 UTC;;;;;;;;;;;;;;;;;;
2026/05/08;1900 UTC;;;;;;;;;;;;;;;;;;
2026/05/08;2000 UTC;;;;;;;;;;;;;;;;;;
2026/05/08;2100 UTC;;;;;;;;;;;;;;;;;;
2026/05/08;2200 UTC;;;;;;;;;;;;;;;;;;
2026/05/08;2300 UTC;;;;;;;;;;;;;;;;;;
2026/05/09;0000 UTC;;;;;;;;;;;;;;;;;;
2026/05/09;0100 UTC;;;;;;;;;;;;;;;;;;
2026/05/09;0200 UTC;;;;;;;;;;;;;;;;;;
2026/05/09;0300 UTC;0;887,1;887,2;886,9;0;9,3;7,7;9,4;9,2;7,9;7,2;94;89;92;280;4;2,1;
2026/05/09;0400 UTC;;;;;;;;;;;;;;;;;;
2026/05/09;0500 UTC;;;;;;;;;;;;;;;;;;
2026/05/09;0600 UTC;0;887,6;887,9;887,4;0;8,9;6,9;9,2;8,5;7,6;6,4;92;89;90;302;3,2;2;
2026/05/09;0700 UTC;0;887,7;887,9;887,5;0;8,3;6,7;8,5;8,1;7,1;6,4;95;90;92;323;3,3;2,3;
2026/05/09;0800 UTC;0;887,6;887,8;887,4;0;7,7;5,6;8,2;6,9;6,9;4,6;94;85;90;272;3,2;2,2;
2026/05/09;0900 UTC;;;;;;;;;;;;;;;;;;
2026/05/09;1000 UTC;;;;;;;;;;;;;;;;;;
2026/05/09;1100 UTC;;;;;;;;;;;;;;;;;;
2026/05/09;1200 UTC;;;;;;;;;;;;;;;;;;
2026/05/09;1300 UTC;0;890,7;890,9;890,5;716;6,8;5,9;7,5;6,6;6,5;5;99;89;96;97;1,8;,9;
2026/05/09;1400 UTC;0;891;891,4;890,6;633,2;7,6;2,5;7,8;7,5;5,8;1,3;92;68;74;284;2,8;1,3;
2026/05/09;1500 UTC;;;;;;;;;;;;;;;;;;
2026/05/09;1600 UTC;;;;;;;;;;;;;;;;;;
2026/05/09;1700 UTC;;;;;;;;;;;;;;;;;;
2026/05/09;1800 UTC;;;;;;;;;;;;;;;;;;
2026/05/09;1900 UTC;;;;;;;;;;;;;;;;;;
2026/05/09;2000 UTC;;;;;;;;;;;;;;;;;;
2026/05/09;2100 UTC;;;;;;;;;;;;;;;;;;
2026/05/09;2200 UTC;;;;;;;;;;;;;;;;;;
2026/05/09;2300 UTC;;;;;;;;;;;;;;;;;;
2026/05/10;0000 UTC;;;;;;;;;;;;;;;;;;
2026/05/10;0100 UTC;;;;;;;;;;;;;;;;;;
2026/05/10;0200 UTC;;;;;;;;;;;;;;;;;;
2026/05/10;0300 UTC;;;;;;;;;;;;;;;;;;
2026/05/10;0400 UTC;;;;;;;;;;;;;;;;;;
2026/05/10;0500 UTC;;;;;;;;;;;;;;;;;;
2026/05/10;0600 UTC;0;892,7;892,9;892,5;0;4,4;2;4,6;4,2;2,2;1,7;89;86;88;269;8;3,7;
2026/05/10;0700 UTC;0;892,4;892,6;892,3;0;4,1;1,7;4,2;4;1,9;1,2;89;86;88;268;6,8;3,5;
2026/05/10;0800 UTC;0;892,3;892,4;892,2;0;4;1,2;4;3,9;1,6;,4;88;83;86;260;8,1;4,4;
2026/05/10;0900 UTC;0;892,5;892,8;892,3;0;3,7;,9;3,9;3,6;1,6;,5;89;83;86;261;8,2;4,3;
2026/05/10;1000 UTC;0;892,7;892,9;892,6;,5;3,2;-,6;3,6;2,9;,7;-1,3;85;78;81;280;7,2;3,5;
2026/05/10;1100 UTC;0;893,1;893,4;892,8;133,6;3;-,5;3,2;2,8;-,2;-1,1;84;79;82;284;7,7;3,8;
2026/05/10;1200 UTC;0;893,5;893,8;893,2;397,2;3,1;-1;3,3;2,9;-,3;-1,5;82;77;79;274;6,4;3,8;
2026/05/10;1300 UTC;0;893,7;893,9;893,5;608,8;3,4;-,9;3,7;3;-,3;-1,4;80;77;79;281;6,5;3,8;
2026/05/10;1400 UTC;0;893,4;893,5;893,3;923,6;3,9;0;4,1;3,8;,2;-,2;81;79;80;270;7,9;4;
2026/05/10;1500 UTC;;;;;;;;;;;;;;;;;;
2026/05/10;1600 UTC;;;;;;;;;;;;;;;;;;
2026/05/10;1700 UTC;;;;;;;;;;;;;;;;;;
2026/05/10;1800 UTC;;;;;;;;;;;;;;;;;;
2026/05/10;1900 UTC;;;;;;;;;;;;;;;;;;
2026/05/10;2000 UTC;;;;;;;;;;;;;;;;;;
2026/05/10;2100 UTC;;;;;;;;;;;;;;;;;;
2026/05/10;2200 UTC;;;;;;;;;;;;;;;;;;
2026/05/10;2300 UTC;;;;;;;;;;;;;;;;;;
2026/05/11;0000 UTC;;;;;;;;;;;;;;;;;;
2026/05/11;0100 UTC;;;;;;;;;;;;;;;;;;
2026/05/11;0200 UTC;;;;;;;;;;;;;;;;;;
2026/05/11;0300 UTC;;;;;;;;;;;;;;;;;;
2026/05/11;0400 UTC;0;894,2;894,4;894;0;2,1;0;2,5;1,7;,1;-,1;92;87;90;291;4,9;2,8;
2026/05/11;0500 UTC;;;;;;;;;;;;;;;;;;
2026/05/11;0600 UTC;;;;;;;;;;;;;;;;;;
2026/05/11;0700 UTC;;;;;;;;;;;;;;;;;;
2026/05/11;0800 UTC;;;;;;;;;;;;;;;;;;
2026/05/11;0900 UTC;;;;;;;;;;;;;;;;;;
2026/05/11;1000 UTC;;;;;;;;;;;;;;;;;;
2026/05/11;1100 UTC;;;;;;;;;;;;;;;;;;
2026/05/11;1200 UTC;;;;;;;;;;;;;;;;;;
2026/05/11;1300 UTC;;;;;;;;;;;;;;;;;;
2026/05/11;1400 UTC;0;894,3;894,4;894,2;2507,6;6,9;-,5;7,2;6,4;,3;-1,3;66;60;63;290;4,9;2,7;
2026/05/11;1500 UTC;0;894,1;894,3;893,7;2688,9;7,9;-,3;8,9;7,1;,6;-1,3;65;51;59;319;7,2;3,6;
2026/05/11;1600 UTC;;;;;;;;;;;;;;;;;;
2026/05/11;1700 UTC;;;;;;;;;;;;;;;;;;
2026/05/11;1800 UTC;;;;;;;;;;;;;;;;;;
2026/05/11;1900 UTC;;;;;;;;;;;;;;;;;;
2026/05/11;2000 UTC;;;;;;;;;;;;;;;;;;
2026/05/11;2100 UTC;;;;;;;;;;;;;;;;;;
2026/05/11;2200 UTC;;;;;;;;;;;;;;;;;;
2026/05/11;2300 UTC;;;;;;;;;;;;;;;;;;
2026/05/12;0000 UTC;;;;;;;;;;;;;;;;;;
2026/05/12;0100 UTC;;;;;;;;;;;;;;;;;;
2026/05/12;0200 UTC;;;;;;;;;;;;;;;;;;
2026/05/12;0300 UTC;;;;;;;;;;;;;;;;;;
2026/05/12;0400 UTC;0;895;895,2;894,9;0;2,9;,3;3,4;2,4;,6;0;91;83;87;19;2,5;2,1;
2026/05/12;0500 UTC;;;;;;;;;;;;;;;;;;
2026/05/12;0600 UTC;;;;;;;;;;;;;;;;;;
2026/05/12;0700 UTC;0;893,8;893,9;893,4;0;1;,3;1,8;,4;,9;-,2;100;91;96;54;2,6;2,1;
2026/05/12;0800 UTC;0;893,3;893,5;893,2;;1,1;0;2,1;0;,7;-,5;100;88;95;50;3;1,8;
2026/05/12;0900 UTC;0;893,3;893,5;893,2;;,1;-,5;1,3;-1,3;,6;-1,5;100;93;97;20;3,3;2,7;
2026/05/12;1000 UTC;0;893,8;894;893,5;;-1,3;-1,3;-1;-1,7;-,9;-1,7;100;99;100;24;2,7;2;
2026/05/12;1100 UTC;0;894,1;894,2;894;;-1,2;-1,3;-,2;-1,7;-,5;-1,7;100;98;99;35;4,2;3,6;
2026/05/12;1200 UTC;0;894,3;894,4;894,1;;1,6;,8;3,5;-,1;2,1;-,5;98;89;96;29;3,3;2,3;
2026/05/12;1300 UTC;0;894,3;894,3;894,3;2097,8;8,9;,3;9,1;8,7;,5;,2;58;55;57;41;2,2;1,7;
2026/05/12;1400 UTC;0;894,1;894,3;893,9;2363,8;12,2;2,5;14,5;9,1;4,2;0;58;36;52;169;3,9;2,3;
2026/05/12;1500 UTC;;;;;;;;;;;;;;;;;;
2026/05/12;1600 UTC;;;;;;;;;;;;;;;;;;
2026/05/12;1700 UTC;;;;;;;;;;;;;;;;;;
2026/05/12;1800 UTC;;;;;;;;;;;;;;;;;;
2026/05/12;1900 UTC;;;;;;;;;;;;;;;;;;
2026/05/12;2000 UTC;;;;;;;;;;;;;;;;;;
2026/05/12;2100 UTC;;;;;;;;;;;;;;;;;;
2026/05/12;2200 UTC;;;;;;;;;;;;;;;;;;
2026/05/12;2300 UTC;;;;;;;;;;;;;;;;;;
2026/05/13;0000 UTC;;;;;;;;;;;;;;;;;;
2026/05/13;0100 UTC;;;;;;;;;;;;;;;;;;
2026/05/13;0200 UTC;0;892,5;892,5;892,4;0;9,9;-,6;10,3;9,6;-,5;-,7;49;45;47;37;4,7;2,7;
2026/05/13;0300 UTC;;;;;;;;;;;;;;;;;;
2026/05/13;0400 UTC;;;;;;;;;;;;;;;;;;
2026/05/13;0500 UTC;;;;;;;;;;;;;;;;;;
2026/05/13;0600 UTC;;;;;;;;;;;;;;;;;;
2026/05/13;0700 UTC;;;;;;;;;;;;;;;;;;
2026/05/13;0800 UTC;0;892,2;892,3;892,2;0;5;-,7;5,4;4,7;-,6;-,9;74;70;72;39;2;1,4;
2026/05/13;0900 UTC;0;892,6;892,7;892,2;0;3,9;-,4;5,5;2,9;0;-,9;86;68;79;32;2,4;1,7;
2026/05/13;1000 UTC;0;893;893,2;892,7;3,4;4,6;-,6;5,5;3,9;-,2;-1,2;79;67;74;31;2;1,6;
2026/05/13;1100 UTC;0;893,1;893,3;892,9;;4,4;-,1;6,2;2,9;,9;-1,3;88;63;77;39;3,7;2,4;
2026/05/13;1200 UTC;0;892,8;892,8;892,8;1669;8,8;,8;8,8;8,7;,9;,7;61;60;60;52;3;2,3;
2026/05/13;1300 UTC;0;892,9;893,1;892,7;1673,3;10,5;2,2;11,7;8,9;3,5;,7;65;55;59;45;2,8;2;
2026/05/13;1400 UTC;0;892,9;893;892,7;1744,9;11,4;3,3;12,8;10,4;4,5;2,3;68;54;59;72;2,3;,9;
2026/05/13;1500 UTC;0;892,6;892,8;892,4;1981,8;13,5;2,5;14,3;12,5;4,3;1,1;58;35;45;295;4,4;2,8;
2026/05/13;1600 UTC;;;;;;;;;;;;;;;;;;
2026/05/13;1700 UTC;;;;;;;;;;;;;;;;;;
2026/05/13;1800 UTC;;;;;;;;;;;;;;;;;;
2026/05/13;1900 UTC;;;;;;;;;;;;;;;;;;
2026/05/13;2000 UTC;;;;;;;;;;;;;;;;;;
2026/05/13;2100 UTC;;;;;;;;;;;;;;;;;;
2026/05/13;2200 UTC;;;;;;;;;;;;;;;;;;
2026/05/13;2300 UTC;;;;;;;;;;;;;;;;;;
2026/05/14;0000 UTC;;;;;;;;;;;;;;;;;;
2026/05/14;0100 UTC;;;;;;;;;;;;;;;;;;
2026/05/14;0200 UTC;;;;;;;;;;;;;;;;;;
2026/05/14;0300 UTC;0;;;;0;;;;;;;;;;38;2,2;1,8;
2026/05/14;0400 UTC;0;;;;0;;;;;;;;;;25;2,8;2,3;
2026/05/14;0500 UTC;0;;;;0;;;;;;;;;;76;2;1,3;
2026/05/14;0600 UTC;0;;;;0;;;;;;;;;;28;3,4;2,7;
2026/05/14;0700 UTC;0;;;;0;;;;;;;;;;23;3,6;2,8;
2026/05/14;0800 UTC;0;;;;0;;;;;;;;;;26;3,3;2,8;
2026/05/14;0900 UTC;0;;;;0;;;;;;;;;;29;3;2,6;
2026/05/14;1000 UTC;0;;;;,6;;;;;;;;;;166;2,4;,7;
2026/05/14;1100 UTC;0;;;;311,6;;;;;;;;;;30;3,9;3;
2026/05/14;1200 UTC;0;;;;1031,4;;;;;;;;;;32;3,4;2,6;
2026/05/14;1300 UTC;0;;;;1726,4;;;;;;;;;;62;1,9;1,1;
2026/05/14;1400 UTC;0;;;;2270;;;;;;;;;;48;3,4;2;
2026/05/14;1500 UTC;0;;;;2600,6;;;;;;;;;;301;5,1;3,1;
2026/05/14;1600 UTC;;;;;;;;;;;;;;;;;;
2026/05/14;1700 UTC;;;;;;;;;;;;;;;;;;
2026/05/14;1800 UTC;;;;;;;;;;;;;;;;;;
2026/05/14;1900 UTC;;;;;;;;;;;;;;;;;;
2026/05/14;2000 UTC;0;;;;588,3;;;;;;;;;;308;2,4;1,7;
2026/05/14;2100 UTC;;;;;;;;;;;;;;;;;;
2026/05/14;2200 UTC;;;;;;;;;;;;;;;;;;
2026/05/14;2300 UTC;0;;;;0;;;;;;;;;;59;3;2,2;
2026/05/15;0000 UTC;;;;;;;;;;;;;;;;;;
2026/05/15;0100 UTC;;;;;;;;;;;;;;;;;;
2026/05/15;0200 UTC;;;;;;;;;;;;;;;;;;
2026/05/15;0300 UTC;;;;;;;;;;;;;;;;;;
2026/05/15;0400 UTC;0;892,3;892,7;891,9;0;9,2;8;9,4;8,5;8,1;7,7;96;93;94;42;3,2;2,1;
2026/05/15;0500 UTC;;;;;;;;;;;;;;;;;;
2026/05/15;0600 UTC;0;892,6;892,8;892,3;0;8,8;8,2;9,1;8,2;8,2;8;99;95;97;53;3,9;2,3;
2026/05/15;0700 UTC;0;892,1;892,5;891,8;0;9,2;8,1;9,4;9;8,2;8;96;93;94;46;3,1;1,9;
2026/05/15;0800 UTC;0;892;892,1;891,9;0;8,8;8,1;9,3;8,4;8,2;8;98;93;96;44;2,6;1,3;
2026/05/15;0900 UTC;0;892,1;892,4;892;0;8,6;8;8,9;8,3;8,2;7,9;98;95;97;53;2,3;1,1;
2026/05/15;1000 UTC;0;892,4;892,7;892,3;0;8,6;8;8,7;8,3;8,1;7,8;99;96;97;57;3,1;1,4;
2026/05/15;1100 UTC;0;892,8;893,1;892,6;0;8,5;8;8,8;8,3;8,2;7,9;99;95;97;29;3,7;2,7;
2026/05/15;1200 UTC;0;893;893,1;893;819,1;8,5;8,1;8,5;8,4;8,2;8;98;98;98;49;6,5;3,5;
2026/05/15;1300 UTC;0;;;;1398,9;;;;;;;;;;51;5,5;3,3;
2026/05/15;1400 UTC;0;;;;2137;;;;;;;;;;51;5;3,1;
2026/05/15;1500 UTC;;;;;;;;;;;;;;;;;;
2026/05/15;1600 UTC;;;;;;;;;;;;;;;;;;
2026/05/15;1700 UTC;;;;;;;;;;;;;;;;;;
2026/05/15;1800 UTC;;;;;;;;;;;;;;;;;;
2026/05/15;1900 UTC;;;;;;;;;;;;;;;;;;
2026/05/15;2000 UTC;;;;;;;;;;;;;;;;;;
2026/05/15;2100 UTC;;;;;;;;;;;;;;;;;;
2026/05/15;2200 UTC;;;;;;;;;;;;;;;;;;
2026/05/15;2300 UTC;;;;;;;;;;;;;;;;;;
2026/05/16;0000 UTC;;;;;;;;;;;;;;;;;;
2026/05/16;0100 UTC;;;;;;;;;;;;;;;;;;
2026/05/16;0200 UTC;;;;;;;;;;;;;;;;;;
2026/05/16;0300 UTC;;;;;;;;;;;;;;;;;;
2026/05/16;0400 UTC;;;;;;;;;;;;;;;;;;
2026/05/16;0500 UTC;0;;;;0;;;;;;;;;;30;3,2;2,5;
2026/05/16;0600 UTC;0;;;;0;;;;;;;;;;24;2,6;2,1;
2026/05/16;0700 UTC;;;;;;;;;;;;;;;;;;
2026/05/16;0800 UTC;0;889,6;889,8;889,5;0;10,5;10,4;10,6;10,3;10,5;10,2;100;99;100;23;1,9;1,5;
2026/05/16;0900 UTC;0;889,6;889,8;889,3;0;10,3;10,3;10,5;10,1;10,5;10;100;99;100;31;1,9;1,3;
2026/05/16;1000 UTC;0;890,2;890,5;889,9;,8;10,3;10,4;10,6;9,9;10,6;9,9;100;100;100;220;1,3;,5;
2026/05/16;1100 UTC;0;890,8;891,1;890,5;81,2;10,7;10,6;11,3;10,1;11,1;10,2;100;98;99;31;2,1;1,4;
2026/05/16;1200 UTC;0;891,1;891,3;890,9;438,2;11,8;11,2;12,4;11,3;11,7;10,8;99;94;97;224;1,3;,7;
2026/05/16;1300 UTC;0;891,6;891,7;891,2;691,7;12,1;11,4;12,8;11,6;11,8;11;99;93;97;67;2,1;1,4;
2026/05/16;1400 UTC;0;891,3;891,7;891;1577,3;14,5;11,6;15,6;13;12,5;10,9;93;78;85;50;5;2,2;
2026/05/16;1500 UTC;;;;;;;;;;;;;;;;;;
2026/05/16;1600 UTC;;;;;;;;;;;;;;;;;;
2026/05/16;1700 UTC;;;;;;;;;;;;;;;;;;
2026/05/16;1800 UTC;;;;;;;;;;;;;;;;;;
2026/05/16;1900 UTC;;;;;;;;;;;;;;;;;;
2026/05/16;2000 UTC;;;;;;;;;;;;;;;;;;
2026/05/16;2100 UTC;;;;;;;;;;;;;;;;;;
2026/05/16;2200 UTC;;;;;;;;;;;;;;;;;;
2026/05/16;2300 UTC;;;;;;;;;;;;;;;;;;
2026/05/17;0000 UTC;;;;;;;;;;;;;;;;;;
2026/05/17;0100 UTC;;;;;;;;;;;;;;;;;;
2026/05/17;0200 UTC;;;;;;;;;;;;;;;;;;
2026/05/17;0300 UTC;;;;;;;;;;;;;;;;;;
2026/05/17;0400 UTC;0;890,4;890,8;890,3;0;12;12,1;12,3;11,7;12,3;11,8;100;100;100;28;2,8;2,3;
2026/05/17;0500 UTC;0;890,3;890,4;890,2;0;11,7;11,7;11,8;11,6;11,9;11,6;100;100;100;161;1,6;1,3;
2026/05/17;0600 UTC;0;890;890,2;889,8;0;11,4;11,4;12;10,7;12,1;10,8;100;100;100;19;2,8;2;
2026/05/17;0700 UTC;0;889,6;889,9;889,4;0;11;11;11,6;10,4;11,7;10,5;100;100;100;21;2,6;2;
2026/05/17;0800 UTC;0;889;889,4;888,7;0;10,8;10,8;11,2;9,7;11,3;9,8;100;100;100;64;2;1;
2026/05/17;0900 UTC;0;888,8;889,2;888,6;0;9,7;9,8;10,6;8,9;10,7;9;100;100;100;28;3,6;2,5;
2026/05/17;1000 UTC;,2;889,4;889,6;889,2;,2;9,6;9,7;9,8;9,4;9,8;9,5;100;100;100;86;1,3;,5;
2026/05/17;1100 UTC;0;889,7;889,9;889,5;87;10;10,1;10,1;9,8;10,2;9,8;100;100;100;43;3,8;3,2;
2026/05/17;1200 UTC;0;890;890,1;889,8;229,9;10,2;10,2;10,4;10;10,5;10,1;100;100;100;48;3,2;2,4;
2026/05/17;1300 UTC;0;890,3;890,5;889,9;426,5;10,7;10,7;11;10,4;11;10,5;100;100;100;32;2,6;1,9;
2026/05/17;1400 UTC;;;;;;;;;;;;;;;;;;
2026/05/17;1500 UTC;;;;;;;;;;;;;;;;;;
2026/05/17;1600 UTC;;;;;;;;;;;;;;;;;;
2026/05/17;1700 UTC;;;;;;;;;;;;;;;;;;
2026/05/17;1800 UTC;;;;;;;;;;;;;;;;;;
2026/05/17;1900 UTC;;;;;;;;;;;;;;;;;;
2026/05/17;2000 UTC;;;;;;;;;;;;;;;;;;
2026/05/17;2100 UTC;;;;;;;;;;;;;;;;;;
2026/05/17;2200 UTC;;;;;;;;;;;;;;;;;;
2026/05/17;2300 UTC;;;;;;;;;;;;;;;;;;
2026/05/18;0000 UTC;;;;;;;;;;;;;;;;;;
2026/05/18;0100 UTC;;;;;;;;;;;;;;;;;;
2026/05/18;0200 UTC;;;;;;;;;;;;;;;;;;
2026/05/18;0300 UTC;;;;;;;;;;;;;;;;;;
2026/05/18;0400 UTC;0;891,9;892;891,8;0;11,2;9,7;11,2;11;9,9;9,5;94;92;93;146;4,5;2,5;
2026/05/18;0500 UTC;0;891,8;891,9;891,7;0;10,9;9,7;11;10,7;10;9,3;96;93;94;130;5,6;3,1;
2026/05/18;0600 UTC;0;891,7;891,9;891,5;0;10,5;9,4;10,7;10,3;9,6;9,1;95;93;94;0;;3,2;
2026/05/18;0700 UTC;0;891,7;891,9;891,5;0;10,2;9,2;10,3;10;9,2;9,1;95;94;95;156;5;2,6;
2026/05/18;0800 UTC;0;892,1;892,4;891,8;0;9,9;8,9;10,1;9,7;9,1;8,7;97;93;95;160;4;2,6;
2026/05/18;0900 UTC;0;892,4;892,6;892,2;0;9,6;9,3;9,6;9,5;9,4;9,1;99;97;99;107;2,4;1,5;
2026/05/18;1000 UTC;0;892,8;893,3;892,5;0;9,7;9,2;9,8;9,5;9,4;8,9;99;96;97;201;4,9;2,6;
2026/05/18;1100 UTC;,2;893,7;894;893,3;28,8;8,5;8,2;9,5;8,1;9,2;7,9;99;97;99;198;7,1;4,3;
2026/05/18;1200 UTC;0;894,2;894,7;893,8;256,7;8,3;7,9;8,5;8,2;8,1;7,7;99;97;98;198;5,6;2,7;
2026/05/18;1300 UTC;0;894,8;895;894,7;353,1;8,5;8;8,8;8,4;8,4;7,6;99;96;97;200;8,6;2,5;
2026/05/18;1400 UTC;;;;;;;;;;;;;;;;;;
2026/05/18;1500 UTC;;;;;;;;;;;;;;;;;;
2026/05/18;1600 UTC;;;;;;;;;;;;;;;;;;
2026/05/18;1700 UTC;;;;;;;;;;;;;;;;;;
2026/05/18;1800 UTC;;;;;;;;;;;;;;;;;;
2026/05/18;1900 UTC;;;;;;;;;;;;;;;;;;
2026/05/18;2000 UTC;;;;;;;;;;;;;;;;;;
2026/05/18;2100 UTC;;;;;;;;;;;;;;;;;;
2026/05/18;2200 UTC;;;;;;;;;;;;;;;;;;
2026/05/18;2300 UTC;;;;;;;;;;;;;;;;;;
2026/05/19;0000 UTC;;;;;;;;;;;;;;;;;;
2026/05/19;0100 UTC;;;;;;;;;;;;;;;;;;
2026/05/19;0200 UTC;;;;;;;;;;;;;;;;;;
2026/05/19;0300 UTC;;;;;;;;;;;;;;;;;;
2026/05/19;0400 UTC;0;895,2;895,3;895;0;7,9;7;8;7,9;7,1;6,9;96;95;95;88;2,6;1,7;
2026/05/19;0500 UTC;;;;;;;;;;;;;;;;;;
2026/05/19;0600 UTC;0;894,6;894,8;894,3;0;7,2;7,2;7,4;7,1;7,2;7,1;100;99;100;45;2;1,1;
2026/05/19;0700 UTC;0;894,2;894,3;894,1;0;7;7,1;7,2;6,8;7,2;6,9;100;100;100;141;1,4;,7;
2026/05/19;0800 UTC;0;894;894;894;0;6,8;6,8;6,8;6,8;6,9;6,8;100;100;100;288;1,5;,7;
2026/05/19;0900 UTC;;;;;;;;;;;;;;;;;;
2026/05/19;1000 UTC;0;894,3;;;;6,7;6,8;;;;;;;100;;;;
2026/05/19;1100 UTC;0;;;;;6,7;6,8;;;;;;;100;;;;
2026/05/19;1200 UTC;0;;;;;7,3;7,3;;;;;;;100;;;;
2026/05/19;1300 UTC;0;895,3;;;;8,6;8,6;;;;;;;100;;;;
2026/05/19;1400 UTC;;;;;;;;;;;;;;;;;;
2026/05/19;1500 UTC;;;;;;;;;;;;;;;;;;
2026/05/19;1600 UTC;;;;;;;;;;;;;;;;;;
2026/05/19;1700 UTC;;;;;;;;;;;;;;;;;;
2026/05/19;1800 UTC;;;;;;;;;;;;;;;;;;
2026/05/19;1900 UTC;;;;;;;;;;;;;;;;;;
2026/05/19;2000 UTC;;;;;;;;;;;;;;;;;;
2026/05/19;2100 UTC;;;;;;;;;;;;;;;;;;
2026/05/19;2200 UTC;;;;;;;;;;;;;;;;;;
2026/05/19;2300 UTC;;;;;;;;;;;;;;;;;;
2026/05/20;0000 UTC;;;;;;;;;;;;;;;;;;
2026/05/20;0100 UTC;;;;;;;;;;;;;;;;;;
2026/05/20;0200 UTC;;;;;;;;;;;;;;;;;;
2026/05/20;0300 UTC;;;;;;;;;;;;;;;;;;
2026/05/20;0400 UTC;;;;;;;;;;;;;;;;;;
2026/05/20;0500 UTC;;;;;;;;;;;;;;;;;;
2026/05/20;0600 UTC;0;894,5;894,5;894,5;0;2,3;2,4;2,4;2,3;2,4;2,4;100;100;100;40;2,2;1,9;
2026/05/20;0700 UTC;0;894,4;894,5;894,1;0;1,8;1,9;2,4;1,5;2,4;1,5;100;100;100;31;2,6;2,2;
2026/05/20;0800 UTC;,2;893,9;894,1;893,8;0;1,5;1,6;1,8;1,4;1,8;1,5;100;100;100;36;2,1;0;
2026/05/20;0900 UTC;0;893,9;894,1;893,8;0;1,4;1,4;1,7;1;1,8;1,1;100;100;100;27;2,6;1,8;
2026/05/20;1000 UTC;0;894,4;894,6;894,1;,2;1,6;1,7;2;1,4;2,1;1,5;100;100;100;30;2,8;2;
2026/05/20;1100 UTC;0;894,9;895,2;894,6;127,4;1,9;2;2;1,9;2,1;1,9;100;100;100;33;2,1;1,5;
2026/05/20;1200 UTC;0;895,5;895,7;895,2;606,8;2,7;2,7;3,1;1,9;3,1;2;100;100;100;40;3,1;2;
2026/05/20;1300 UTC;0;895,9;896;895,7;1060,6;3,5;3,4;5;2,9;4,8;2,8;100;98;100;53;2,5;1,5;
2026/05/20;1400 UTC;;;;;;;;;;;;;;;;;;
2026/05/20;1500 UTC;;;;;;;;;;;;;;;;;;
2026/05/20;1600 UTC;;;;;;;;;;;;;;;;;;
2026/05/20;1700 UTC;;;;;;;;;;;;;;;;;;
2026/05/20;1800 UTC;;;;;;;;;;;;;;;;;;
2026/05/20;1900 UTC;;;;;;;;;;;;;;;;;;
2026/05/20;2000 UTC;;;;;;;;;;;;;;;;;;
2026/05/20;2100 UTC;;;;;;;;;;;;;;;;;;
2026/05/20;2200 UTC;;;;;;;;;;;;;;;;;;
2026/05/20;2300 UTC;;;;;;;;;;;;;;;;;;
2026/05/21;0000 UTC;;;;;;;;;;;;;;;;;;
2026/05/21;0100 UTC;;;;;;;;;;;;;;;;;;
2026/05/21;0200 UTC;;;;;;;;;;;;;;;;;;
2026/05/21;0300 UTC;;;;;;;;;;;;;;;;;;
2026/05/21;0400 UTC;0;896,3;896,4;896,2;0;3,3;,8;3,8;2,8;1,2;,5;92;84;88;37;1,6;1,3;
2026/05/21;0500 UTC;0;896,3;896,4;896,1;0;3,4;,8;3,9;2,7;1,1;,5;92;83;87;34;1,6;1,2;
2026/05/21;0600 UTC;0;896;896,1;895,9;0;3,3;1,1;3,5;3;1,3;,9;91;88;89;66;1,1;,6;
2026/05/21;0700 UTC;0;896;896,1;895,9;0;3,5;1,4;3,8;3,4;2,2;,9;93;88;89;240;1,7;,7;
2026/05/21;0800 UTC;;;;;;;;;;;;;;;;;;
2026/05/21;0900 UTC;;;;;;;;;;;;;;;;;;
2026/05/21;1000 UTC;;;;;;;;;;;;;;;;;;
2026/05/21;1100 UTC;;;;;;;;;;;;;;;;;;
2026/05/21;1200 UTC;0;897,3;897,4;897,2;1277,4;4,6;2,6;5,8;3,8;3,5;2,1;94;82;90;116;3,1;1,5;
2026/05/21;1300 UTC;;;;;;;;;;;;;;;;;;
2026/05/21;1400 UTC;;;;;;;;;;;;;;;;;;
2026/05/21;1500 UTC;;;;;;;;;;;;;;;;;;
2026/05/21;1600 UTC;;;;;;;;;;;;;;;;;;
2026/05/21;1700 UTC;;;;;;;;;;;;;;;;;;
2026/05/21;1800 UTC;;;;;;;;;;;;;;;;;;
2026/05/21;1900 UTC;;;;;;;;;;;;;;;;;;
2026/05/21;2000 UTC;;;;;;;;;;;;;;;;;;
2026/05/21;2100 UTC;;;;;;;;;;;;;;;;;;
2026/05/21;2200 UTC;;;;;;;;;;;;;;;;;;
2026/05/21;2300 UTC;;;;;;;;;;;;;;;;;;
2026/05/22;0000 UTC;;;;;;;;;;;;;;;;;;
2026/05/22;0100 UTC;;;;;;;;;;;;;;;;;;
2026/05/22;0200 UTC;;;;;;;;;;;;;;;;;;
2026/05/22;0300 UTC;;;;;;;;;;;;;;;;;;
2026/05/22;0400 UTC;;;;;;;;;;;;;;;;;;
2026/05/22;0500 UTC;0;898;898,2;897,9;0;3,4;2,1;3,8;2,8;2,2;1,9;97;91;93;52;3,7;2,5;
2026/05/22;0600 UTC;0;897,6;897,9;897,4;0;2,9;2,1;3,2;2,7;2,3;2;98;95;96;28;2,7;1,8;
2026/05/22;0700 UTC;0;897,6;897,8;897,5;0;2,6;2,1;2,9;2,5;2,2;1,9;98;96;97;33;3,2;2,2;
2026/05/22;0800 UTC;0;898;898,1;897,8;0;2,2;2;2,6;1,9;2,2;1,8;100;97;99;19;2,7;2,2;
2026/05/22;0900 UTC;0;898,1;898,2;898;0;1,8;1,8;2,2;1,6;2,2;1,6;100;;98;33;3,5;3,1;
2026/05/22;1000 UTC;0;898,3;898,4;898,2;,2;1,6;1,7;1,8;1,3;1,9;1,4;100;100;100;41;3;2,3;
2026/05/22;1100 UTC;0;898,4;898,7;898,2;185,8;1,6;1,6;2,6;1;2,7;1;100;98;100;33;3,4;2,9;
2026/05/22;1200 UTC;0;898,8;898,9;898,7;1059,3;3,5;2,9;5,2;1,5;3,9;1,5;100;90;97;28;3,8;2,6;
2026/05/22;1300 UTC;0;898,9;898,9;898,8;1482,3;6,8;3,7;7,3;6,2;4,2;3,2;89;79;84;38;2,8;1,9;
2026/05/22;1400 UTC;;;;;;;;;;;;;;;;;;
2026/05/22;1500 UTC;0;898,2;898,5;897,9;0;11,2;4,5;11,9;9,7;5,5;3,9;73;62;67;43;2,9;2,1;
2026/05/22;1600 UTC;;;;;;;;;;;;;;;;;;
2026/05/22;1700 UTC;;;;;;;;;;;;;;;;;;
2026/05/22;1800 UTC;;;;;;;;;;;;;;;;;;
2026/05/22;1900 UTC;;;;;;;;;;;;;;;;;;
2026/05/22;2000 UTC;;;;;;;;;;;;;;;;;;
2026/05/22;2100 UTC;;;;;;;;;;;;;;;;;;
2026/05/22;2200 UTC;;;;;;;;;;;;;;;;;;
2026/05/22;2300 UTC;;;;;;;;;;;;;;;;;;
2026/05/23;0000 UTC;;;;;;;;;;;;;;;;;;
2026/05/23;0100 UTC;;;;;;;;;;;;;;;;;;
2026/05/23;0200 UTC;;;;;;;;;;;;;;;;;;
2026/05/23;0300 UTC;;;;;;;;;;;;;;;;;;
2026/05/23;0400 UTC;;;;;;;;;;;;;;;;;;
2026/05/23;0500 UTC;0;897,5;897,5;897,4;0;7,7;7,2;7,7;7,7;7,2;7,1;98;97;97;42;2,9;2,3;
2026/05/23;0600 UTC;,4;897,5;897,8;897,2;0;7,6;7,4;7,7;7,5;7,5;7,2;100;98;99;51;3;2;
2026/05/23;0700 UTC;;;;;;;;;;;;;;;;;;
2026/05/23;0800 UTC;,6;896,7;896,8;896,6;0;7,7;7,7;7,8;7,6;7,9;7,7;100;100;100;233;1,4;,8;
2026/05/23;0900 UTC;0;896,7;896,8;896,6;0;8;7,8;8,3;7,8;7,9;7,7;100;97;99;54;2,9;1,7;
2026/05/23;1000 UTC;0;897;897,2;896,8;0;8,2;7,9;8,3;8,1;8;7,7;99;97;99;61;1,2;,9;
2026/05/23;1100 UTC;0;897,2;897,3;897,1;69,6;8,5;8;9;8,2;8,2;7,9;99;96;98;158;1;,6;
2026/05/23;1200 UTC;0;897,3;897,4;897,2;362,7;9,3;8,7;9,5;9;9,1;8,2;;;;46;1,8;;
2026/05/23;1300 UTC;;;;;;;;;;;;;;;;;;
2026/05/23;1400 UTC;;;;;;;;;;;;;;;;;;
2026/05/23;1500 UTC;;;;;;;;;;;;;;;;;;
2026/05/23;1600 UTC;;;;;;;;;;;;;;;;;;
2026/05/23;1700 UTC;;;;;;;;;;;;;;;;;;
2026/05/23;1800 UTC;;;;;;;;;;;;;;;;;;
2026/05/23;1900 UTC;;;;;;;;;;;;;;;;;;
2026/05/23;2000 UTC;;;;;;;;;;;;;;;;;;
2026/05/23;2100 UTC;;;;;;;;;;;;;;;;;;
2026/05/23;2200 UTC;;;;;;;;;;;;;;;;;;
2026/05/23;2300 UTC;;;;;;;;;;;;;;;;;;
2026/05/24;0000 UTC;;;;;;;;;;;;;;;;;;
2026/05/24;0100 UTC;;;;;;;;;;;;;;;;;;
2026/05/24;0200 UTC;;;;;;;;;;;;;;;;;;
2026/05/24;0300 UTC;;;;;;;;;;;;;;;;;;
2026/05/24;0400 UTC;;;;;;;;;;;;;;;;;;
2026/05/24;0500 UTC;0;895;895,1;894,9;0;8,8;8,8;9;8,6;9,1;8,7;100;100;100;71;3;1,5;
2026/05/24;0600 UTC;0;894,9;895;894,7;0;9;9,1;9;8,8;9,1;8,9;100;100;100;105;3,9;2,8;
2026/05/24;0700 UTC;;;;;;;;;;;;;;;;;;
2026/05/24;0800 UTC;;;;;;;;;;;;;;;;;;
2026/05/24;0900 UTC;;;;;;;;;;;;;;;;;;
2026/05/24;1000 UTC;0;894,9;895;894,8;,5;8,1;8,1;8,1;8,1;8,2;8,1;100;100;100;51;3,9;2,4;
2026/05/24;1100 UTC;0;895,1;895,3;895;130,4;8,2;8,3;8,5;8,1;8,6;8,1;100;100;100;60;4,3;2,2;
2026/05/24;1200 UTC;0;895,3;895,5;895,2;0;8,8;8,8;9,2;8,5;9,3;8,5;100;100;100;87;4,6;2,4;
2026/05/24;1300 UTC;;;;;;;;;;;;;;;;;;
2026/05/24;1400 UTC;;;;;;;;;;;;;;;;;;
2026/05/24;1500 UTC;;;;;;;;;;;;;;;;;;
2026/05/24;1600 UTC;;;;;;;;;;;;;;;;;;
2026/05/24;1700 UTC;;;;;;;;;;;;;;;;;;
2026/05/24;1800 UTC;;;;;;;;;;;;;;;;;;
2026/05/24;1900 UTC;;;;;;;;;;;;;;;;;;
2026/05/24;2000 UTC;;;;;;;;;;;;;;;;;;
2026/05/24;2100 UTC;;;;;;;;;;;;;;;;;;
2026/05/24;2200 UTC;;;;;;;;;;;;;;;;;;
2026/05/24;2300 UTC;;;;;;;;;;;;;;;;;;
2026/05/25;0000 UTC;;;;;;;;;;;;;;;;;;
2026/05/25;0100 UTC;;;;;;;;;;;;;;;;;;
2026/05/25;0200 UTC;;;;;;;;;;;;;;;;;;
2026/05/25;0300 UTC;0;895,3;895,4;895,2;0;8,9;8,5;9,2;8,8;8,6;8,4;99;96;98;58;2,8;1,9;
2026/05/25;0400 UTC;;;;;;;;;;;;;;;;;;
2026/05/25;0500 UTC;0;894,9;895,1;894,7;0;8;8,1;8,3;7,8;8,3;7,9;100;100;100;32;2,8;1,9;
2026/05/25;0600 UTC;0;894,6;894,7;894,5;0;7,9;7,9;8,1;7,5;8,1;7,5;100;100;100;38;2,9;2,3;
2026/05/25;0700 UTC;;;;;;;;;;;;;;;;;;
2026/05/25;0800 UTC;;;;;;;;;;;;;;;;;;
2026/05/25;0900 UTC;;;;;;;;;;;;;;;;;;
2026/05/25;1000 UTC;;;;;;;;;;;;;;;;;;
2026/05/25;1100 UTC;;;;;;;;;;;;;;;;;;
2026/05/25;1200 UTC;;;;;;;;;;;;;;;;;;
2026/05/25;1300 UTC;;;;;;;;;;;;;;;;;;
2026/05/25;1400 UTC;;;;;;;;;;;;;;;;;;
2026/05/25;1500 UTC;;;;;;;;;;;;;;;;;;
2026/05/25;1600 UTC;;;;;;;;;;;;;;;;;;
2026/05/25;1700 UTC;;;;;;;;;;;;;;;;;;
2026/05/25;1800 UTC;;;;;;;;;;;;;;;;;;
2026/05/25;1900 UTC;;;;;;;;;;;;;;;;;;
2026/05/25;2000 UTC;;;;;;;;;;;;;;;;;;
2026/05/25;2100 UTC;;;;;;;;;;;;;;;;;;
2026/05/25;2200 UTC;;;;;;;;;;;;;;;;;;
2026/05/25;2300 UTC;;;;;;;;;;;;;;;;;;
2026/05/26;0000 UTC;;;;;;;;;;;;;;;;;;
2026/05/26;0100 UTC;;;;;;;;;;;;;;;;;;
2026/05/26;0200 UTC;1,2;895,3;895,8;894,8;0;12,6;12,6;12,6;12,5;12,7;12,6;100;100;100;100;6;4,5;
2026/05/26;0300 UTC;;;;;;;;;;;;;;;;;;
2026/05/26;0400 UTC;;;;;;;;;;;;;;;;;;
2026/05/26;0500 UTC;,2;894,2;894,3;893,5;0;12,6;12,4;12,8;12,4;12,5;12,2;100;97;99;34;5,3;3,4;
2026/05/26;0600 UTC;0;893,1;893,7;892,8;0;12,3;12,3;12,3;12,2;12,4;12,2;100;100;100;38;7,2;4;
2026/05/26;0700 UTC;0;893;893,1;892,8;0;12,5;12;12,7;12,3;12,5;11,7;100;96;98;25;5,2;3,2;
2026/05/26;0800 UTC;0;892,8;893;892,5;0;12,8;11,6;13,1;12,3;11,8;11,5;98;92;94;26;5,3;3;
2026/05/26;0900 UTC;0;892,3;892,5;892,1;0;13,1;11,9;13,4;12,8;12,1;11,8;95;92;94;56;4,6;1,6;
2026/05/26;1000 UTC;2,6;893,3;894,1;892,3;0;12,5;12;13,3;12;12,2;11,8;100;93;98;221;3;2,1;
2026/05/26;1100 UTC;2,8;885,6;895,1;;0;12,6;12,5;13,4;12,1;12,7;12,1;100;95;99;65;3,4;2;
2026/05/26;1200 UTC;3,4;894,9;895,3;894,5;0;12,5;12,6;12,7;12,4;12,8;12,5;100;100;100;35;3,1;2,2;
2026/05/26;1300 UTC;,2;894,4;894,6;894,3;348,4;13;13;13,3;12,8;13,4;12,8;100;100;100;26;3,7;2,4;
2026/05/26;1400 UTC;;;;;;;;;;;;;;;;;;
2026/05/26;1500 UTC;;;;;;;;;;;;;;;;;;
2026/05/26;1600 UTC;;;;;;;;;;;;;;;;;;
2026/05/26;1700 UTC;;;;;;;;;;;;;;;;;;
2026/05/26;1800 UTC;;;;;;;;;;;;;;;;;;
2026/05/26;1900 UTC;;;;;;;;;;;;;;;;;;
2026/05/26;2000 UTC;;;;;;;;;;;;;;;;;;
2026/05/26;2100 UTC;;;;;;;;;;;;;;;;;;
2026/05/26;2200 UTC;;;;;;;;;;;;;;;;;;
2026/05/26;2300 UTC;;;;;;;;;;;;;;;;;;
2026/05/27;0000 UTC;;;;;;;;;;;;;;;;;;
2026/05/27;0100 UTC;0;893,8;894;893,5;0;12,6;12,6;12,7;12,4;12,7;12,4;100;100;100;227;6,5;3,9;
2026/05/27;0200 UTC;;;;;;;;;;;;;;;;;;
2026/05/27;0300 UTC;;;;;;;;;;;;;;;;;;
2026/05/27;0400 UTC;;;;;;;;;;;;;;;;;;
2026/05/27;0500 UTC;0;893,9;894;893,8;0;10,4;10,4;10,7;10,2;10,5;10,3;100;99;100;223;3,9;2,1;
2026/05/27;0600 UTC;0;893,7;894;893,5;0;10,3;10,2;10,4;10,2;10,3;10,1;100;99;99;230;2,9;1,7;
2026/05/27;0700 UTC;0;893,5;893,6;893,4;0;10,2;10,3;10,3;10,2;10,3;10,2;100;100;100;227;3,7;2,4;
2026/05/27;0800 UTC;,8;893,4;893,5;893,4;0;10,2;10,3;10,3;10,2;10,3;10,2;100;100;100;211;4,1;2,7;
2026/05/27;0900 UTC;0;893,7;894;893,5;0;10,1;10,2;10,2;10;10,2;10,1;100;100;100;223;3;2,1;
2026/05/27;1000 UTC;,2;894,2;894,5;894;0;10;10;10;9,9;10,1;9,9;100;100;100;213;3,8;2,1;
2026/05/27;1100 UTC;0;894,7;895,1;894,5;89,7;9,7;9,7;9,9;9,7;9,9;9,6;100;99;100;203;3,7;2,3;
2026/05/27;1200 UTC;0;895,5;895,7;895,1;317,2;9,7;9,5;10,2;9,5;9,8;9,2;100;95;99;211;5,9;3,8;
2026/05/27;1300 UTC;0;895,7;895,8;895,6;1524,9;11,4;9,2;12,4;10,2;10,2;7,9;96;78;89;212;6,3;3,6;
2026/05/27;1400 UTC;;;;;;;;;;;;;;;;;;
2026/05/27;1500 UTC;;;;;;;;;;;;;;;;;;
2026/05/27;1600 UTC;;;;;;;;;;;;;;;;;;
2026/05/27;1700 UTC;;;;;;;;;;;;;;;;;;
2026/05/27;1800 UTC;;;;;;;;;;;;;;;;;;
2026/05/27;1900 UTC;;;;;;;;;;;;;;;;;;
2026/05/27;2000 UTC;;;;;;;;;;;;;;;;;;
2026/05/27;2100 UTC;;;;;;;;;;;;;;;;;;
2026/05/27;2200 UTC;;;;;;;;;;;;;;;;;;
2026/05/27;2300 UTC;;;;;;;;;;;;;;;;;;
2026/05/28;0000 UTC;;;;;;;;;;;;;;;;;;
2026/05/28;0100 UTC;;;;;;;;;;;;;;;;;;
2026/05/28;0200 UTC;;;;;;;;;;;;;;;;;;
2026/05/28;0300 UTC;0;896,4;896,5;896,2;0;9,4;7,4;9,5;9,2;7,8;7,1;93;88;90;76;4,5;2,7;
2026/05/28;0400 UTC;;;;;;;;;;;;;;;;;;
2026/05/28;0500 UTC;0;895,6;895,8;895,5;0;9,2;7,3;9,3;9,2;7,5;7,1;91;89;90;72;6,3;3,3;
2026/05/28;0600 UTC;0;895,3;895,6;895;0;8,8;7,1;9,2;8,4;7,5;6,9;93;91;92;67;5,3;3;
2026/05/28;0700 UTC;0;895;895,1;894,8;0;8,1;6,8;8,4;7,7;6,9;6,7;96;91;93;54;3,9;2,3;
2026/05/28;0800 UTC;0;894,8;894,9;894,7;0;7,1;6,9;7,7;6,7;7,1;6,7;100;96;99;43;3,6;2,6;
2026/05/28;0900 UTC;0;894,8;894,9;894,7;0;6,5;6,6;6,7;6,3;6,8;6,4;100;100;100;56;2,6;2;
2026/05/28;1000 UTC;0;895;895,2;894,8;0;6,4;6,5;6,6;6,2;6,6;6,3;100;100;100;25;3,7;2,6;
2026/05/28;1100 UTC;0;895,5;895,7;895,3;190,7;6,6;6,6;7,7;6,1;7,4;6,1;100;98;100;34;2,5;1,6;
2026/05/28;1200 UTC;0;895,8;895,9;895,6;888;9;7,2;10,2;7,7;7,6;6,7;98;84;91;44;4,5;3,4;
2026/05/28;1300 UTC;0;896,1;896,2;895,9;1620,2;11;7,2;12,2;10;8;6,8;87;76;81;51;4,6;3,1;
2026/05/28;1400 UTC;0;896;896,2;895,7;2137,4;13,4;7,9;14,5;12,3;8,8;7,4;79;67;72;65;3,9;2,4;
2026/05/28;1500 UTC;;;;;;;;;;;;;;;;;;
2026/05/28;1600 UTC;;;;;;;;;;;;;;;;;;
2026/05/28;1700 UTC;;;;;;;;;;;;;;;;;;
2026/05/28;1800 UTC;;;;;;;;;;;;;;;;;;
2026/05/28;1900 UTC;;;;;;;;;;;;;;;;;;
2026/05/28;2000 UTC;;;;;;;;;;;;;;;;;;
2026/05/28;2100 UTC;;;;;;;;;;;;;;;;;;
2026/05/28;2200 UTC;;;;;;;;;;;;;;;;;;
2026/05/28;2300 UTC;;;;;;;;;;;;;;;;;;
2026/05/29;0000 UTC;;;;;;;;;;;;;;;;;;
2026/05/29;0100 UTC;;;;;;;;;;;;;;;;;;
2026/05/29;0200 UTC;;;;;;;;;;;;;;;;;;
2026/05/29;0300 UTC;;;;;;;;;;;;;;;;;;
2026/05/29;0400 UTC;;;;;;;;;;;;;;;;;;
2026/05/29;0500 UTC;0;895,3;895,5;895,2;0;8,7;8,7;8,7;8,6;8,7;8,6;100;100;100;57;4,6;2,9;
2026/05/29;0600 UTC;0;895,4;895,5;895,2;0;8,7;8,7;8,7;8,6;8,7;8,6;100;100;100;64;3;2,1;
2026/05/29;0700 UTC;0;895,1;895,2;895;0;8,5;8,5;8,6;8,4;8,6;8,4;100;100;100;49;3,5;2,3;
2026/05/29;0800 UTC;0;895;895,1;894,9;0;8,3;8,3;8,4;8,1;8,4;8,2;100;100;100;68;4,2;2,6;
2026/05/29;0900 UTC;0;895,1;895,4;894,9;0;8,1;8,2;8,2;8;8,3;8,1;100;100;100;57;4,4;3;
2026/05/29;1000 UTC;0;895,6;895,8;895,4;0;8,1;8,1;8,1;8;8,2;8,1;100;100;100;52;3,8;3,1;
2026/05/29;1100 UTC;0;896;896,2;895,8;60,2;8,1;8,2;8,3;8;8,3;8,1;100;100;100;46;4;2,8;
2026/05/29;1200 UTC;0;896,3;896,5;896,1;373,9;8,5;8,5;8,8;8,3;8,8;8,3;100;100;100;34;3,4;2,3;
2026/05/29;1300 UTC;0;896,6;896,9;896,3;958,6;9,3;9,1;11;8,6;10;8,7;100;90;99;78;3,9;2,2;
2026/05/29;1400 UTC;;;;;;;;;;;;;;;;;;
2026/05/29;1500 UTC;;;;;;;;;;;;;;;;;;
2026/05/29;1600 UTC;;;;;;;;;;;;;;;;;;
2026/05/29;1700 UTC;;;;;;;;;;;;;;;;;;
2026/05/29;1800 UTC;;;;;;;;;;;;;;;;;;
2026/05/29;1900 UTC;;;;;;;;;;;;;;;;;;
2026/05/29;2000 UTC;;;;;;;;;;;;;;;;;;
2026/05/29;2100 UTC;;;;;;;;;;;;;;;;;;
2026/05/29;2200 UTC;;;;;;;;;;;;;;;;;;
2026/05/29;2300 UTC;;;;;;;;;;;;;;;;;;
2026/05/30;0000 UTC;;;;;;;;;;;;;;;;;;
2026/05/30;0100 UTC;;;;;;;;;;;;;;;;;;
2026/05/30;0200 UTC;;;;;;;;;;;;;;;;;;
2026/05/30;0300 UTC;;;;;;;;;;;;;;;;;;
2026/05/30;0400 UTC;;;;;;;;;;;;;;;;;;
2026/05/30;0500 UTC;,4;896,1;896,1;896,1;0;10,5;8,5;10,5;10,4;8,7;8,5;91;90;90;194;1,3;,6;
2026/05/30;0600 UTC;1,6;896,1;896,3;895,9;0;9,7;9,5;9,9;9,5;9,6;9,4;100;98;99;252;2;1,4;
2026/05/30;0700 UTC;,8;895,8;896;895,6;0;9,5;9,5;9,5;9,5;9,6;9,5;100;100;100;34;1,7;1,2;
2026/05/30;0800 UTC;,4;895;895,6;894;0;9,5;9,5;9,5;9,4;9,5;9,5;100;100;100;32;6,9;4,7;
2026/05/30;0900 UTC;0;894,3;894,6;893,9;0;9,3;9,4;9,5;9,2;9,5;9,3;100;100;100;37;2,1;1;
2026/05/30;1000 UTC;0;895;895,3;894,5;0;9,1;9,2;9,2;8,8;9,3;8,8;100;100;100;221;1,3;,8;
2026/05/30;1100 UTC;0;895,8;895,8;895,7;259,9;9,3;9,4;9,4;9,3;9,4;9,4;100;100;100;328;1,3;,9;
2026/05/30;1200 UTC;0;895,9;896,1;895,8;770,4;10,2;9,9;11,2;9,4;10,6;9,5;100;95;98;98;3,1;1,4;
2026/05/30;1300 UTC;0;896,3;896,4;896,1;1354,4;11,1;10,1;12,2;10,1;10,5;9,6;99;88;95;47;3,3;2,3;
2026/05/30;1400 UTC;0;896,2;896,3;896;1975,7;12,5;10,1;13,4;11,8;11,4;9,4;94;84;88;51;3,7;1,9;
2026/05/30;1500 UTC;;;;;;;;;;;;;;;;;;
2026/05/30;1600 UTC;;;;;;;;;;;;;;;;;;
2026/05/30;1700 UTC;;;;;;;;;;;;;;;;;;
2026/05/30;1800 UTC;;;;;;;;;;;;;;;;;;
2026/05/30;1900 UTC;;;;;;;;;;;;;;;;;;
2026/05/30;2000 UTC;;;;;;;;;;;;;;;;;;
2026/05/30;2100 UTC;;;;;;;;;;;;;;;;;;
2026/05/30;2200 UTC;;;;;;;;;;;;;;;;;;
2026/05/30;2300 UTC;;;;;;;;;;;;;;;;;;
2026/05/31;0000 UTC;;;;;;;;;;;;;;;;;;
2026/05/31;0100 UTC;;;;;;;;;;;;;;;;;;
2026/05/31;0200 UTC;;;;;;;;;;;;;;;;;;
2026/05/31;0300 UTC;;;;;;;;;;;;;;;;;;
2026/05/31;0400 UTC;0;895,1;895,3;894,9;0;8,9;8,9;9,4;8,4;9,1;8,5;100;98;100;32;2,2;1,7;
2026/05/31;0500 UTC;0;895;895,1;894,9;0;8,5;8,6;8,8;8,1;8,8;8,2;100;100;100;147;,8;,4;
2026/05/31;0600 UTC;0;894,8;895;894,6;0;7,7;7,8;8,6;7,4;8,7;7,5;100;100;100;59;1,7;1;
2026/05/31;0700 UTC;0;894,6;894,7;894,6;0;7,5;7,5;7,6;7,2;7,7;7,3;100;100;100;40;3,3;2,7;
2026/05/31;0800 UTC;0;894,6;894,7;894,5;0;7,7;7,8;7,9;7,6;7,9;7,7;100;100;100;46;1,7;1,3;
2026/05/31;0900 UTC;0;894,4;;;;7,9;8;;;;;;;100;42;;,8;
2026/05/31;1000 UTC;0;894,9;895,2;894,7;0;8,3;8,4;8,4;8,1;8,5;8,1;100;100;100;44;2,1;1,1;
2026/05/31;1100 UTC;0;895,4;895,8;895,2;58,2;8,8;8,8;9,1;8,4;9,1;8,4;100;100;100;44;1,9;1,4;
2026/05/31;1200 UTC;0;895,9;;;;9,4;9,4;;;;;;;100;;;;
2026/05/31;1300 UTC;;;;;;;;;;;;;;;;;;
2026/05/31;1400 UTC;;;;;;;;;;;;;;;;;;
2026/05/31;1500 UTC;;;;;;;;;;;;;;;;;;
2026/05/31;1600 UTC;;;;;;;;;;;;;;;;;;
2026/05/31;1700 UTC;;;;;;;;;;;;;;;;;;
2026/05/31;1800 UTC;;;;;;;;;;;;;;;;;;
2026/05/31;1900 UTC;;;;;;;;;;;;;;;;;;
2026/05/31;2000 UTC;;;;;;;;;;;;;;;;;;
2026/05/31;2100 UTC;;;;;;;;;;;;;;;;;;
2026/05/31;2200 UTC;;;;;;;;;;;;;;;;;;
2026/05/31;2300 UTC;;;;;;;;;;;;;;;;;;
